,PseudoTime1,PseudoTime2,PseudoTime3,PseudoTime4
0_cell,0.34323585,,,
1_cell,,,0.36708,
2_cell,0.7850638,,,
3_cell,,0.37995273,,
4_cell,0.7770253,,,
5_cell,,0.24236956,0.24236956,
6_cell,0.62020355,,,
7_cell,0.83860725,,,
8_cell,0.45195332,,,
9_cell,0.8147864,,,
10_cell,0.83443576,,,
11_cell,0.0,0.0,0.0,0.0
12_cell,,0.32414946,,
13_cell,,0.2114389,0.2114389,
14_cell,0.82610506,,,
15_cell,0.3414842,,,
16_cell,0.730742,,,
17_cell,0.77185756,,,
18_cell,0.8718147,,,
19_cell,,,,0.46157417
20_cell,0.51109904,,,
21_cell,,0.1568219,0.1568219,
22_cell,,,,0.27612466
23_cell,,0.18754426,0.18754426,
24_cell,,,0.34335876,
25_cell,,0.39402848,,
26_cell,0.7933474,,,
27_cell,,0.16871426,0.16871426,
28_cell,0.056393452,0.056393452,0.056393452,0.056393452
29_cell,0.7705915,,,
30_cell,0.7731556,,,
31_cell,0.71853465,,,
32_cell,0.69554245,,,
33_cell,0.6085723,,,
34_cell,,0.28379223,0.28379223,
35_cell,0.9899678,,,
36_cell,0.85496527,,,
37_cell,0.56431365,,,
38_cell,,0.39722377,,
39_cell,0.6379823,,,
40_cell,0.84347874,,,
41_cell,,0.3269288,,
43_cell,,0.113918826,0.113918826,
44_cell,0.75007474,,,
45_cell,,,0.38855344,
46_cell,0.66536885,,,
47_cell,0.7200425,,,
48_cell,,0.17108789,0.17108789,
49_cell,0.76780605,,,
50_cell,,0.22331974,0.22331974,
51_cell,,0.33644265,,
52_cell,0.5721688,,,
53_cell,,0.2414635,,
54_cell,0.7902739,,,
55_cell,0.7728411,,,
56_cell,0.69379026,,,
57_cell,,,0.4046293,
58_cell,0.8493113,,,
59_cell,,,0.36227152,
60_cell,0.8265896,,,
61_cell,,,0.40515852,
62_cell,,,0.37201613,
63_cell,,,0.3852087,
64_cell,0.30957907,,,
65_cell,0.37924907,,,
66_cell,0.28335953,,,
67_cell,,0.24566752,0.24566752,
68_cell,,0.09437089,0.09437089,
69_cell,0.36094,,,
70_cell,0.58152705,,,
71_cell,0.6587701,,,
72_cell,,0.3638307,,
73_cell,0.7914183,,,
74_cell,,0.3378451,,
75_cell,,0.34824717,,
76_cell,0.78683645,,,
77_cell,0.73545647,,,
78_cell,0.719772,,,
79_cell,,,0.2986233,
80_cell,,0.21793962,0.21793962,
81_cell,,0.20606145,0.20606145,
82_cell,,0.35650432,,
83_cell,0.6844989,,,
84_cell,0.3327103,,,
85_cell,0.28154838,,,
86_cell,0.72260016,,,
87_cell,0.44329998,,,
88_cell,0.84007114,,,
89_cell,0.41125196,,,
90_cell,,0.1594406,0.1594406,
91_cell,0.7502936,,,
92_cell,0.100459784,0.100459784,0.100459784,0.100459784
93_cell,0.41487345,,,
94_cell,0.38208556,,,
95_cell,,,0.39163008,
96_cell,,,0.39094558,
97_cell,,0.2577846,0.2577846,
98_cell,0.70260733,,,
99_cell,0.7725977,,,
100_cell,,,0.42376947,
101_cell,0.95711637,,,
102_cell,,,0.34357867,
103_cell,,,0.31880173,
104_cell,0.7404676,,,
105_cell,0.45876095,,,
106_cell,0.88530356,,,
107_cell,0.53292197,,,
108_cell,0.7544906,,,
109_cell,,,0.35482204,
110_cell,,0.25101614,0.25101614,
111_cell,0.9182107,,,
112_cell,0.29959744,,,
113_cell,0.78930044,,,
114_cell,,0.14944744,0.14944744,
115_cell,0.32448798,,,
116_cell,0.78581756,,,
117_cell,,0.41604066,,
119_cell,,0.16947205,0.16947205,
120_cell,0.61720365,,,
121_cell,0.47002846,,,
122_cell,0.8511674,,,
123_cell,0.7369456,,,
124_cell,0.8088443,,,
125_cell,0.77693343,,,
126_cell,0.73753196,,,
127_cell,,,0.3849852,
128_cell,0.62514186,,,
129_cell,,,0.38499895,
130_cell,0.6479779,,,
131_cell,0.8313528,,,
132_cell,,0.3622285,,
133_cell,0.8675889,,,
134_cell,,0.29261592,0.29261592,
135_cell,,0.36805224,,
136_cell,0.9015084,,,
137_cell,0.78026414,,,
138_cell,0.7042837,,,
139_cell,,,0.3541664,
140_cell,0.72593284,,,
141_cell,,0.37505043,,
142_cell,,,0.36864933,
143_cell,,0.26998734,0.26998734,
144_cell,,,0.40636504,
145_cell,0.8316746,,,
146_cell,,,0.38610986,
147_cell,0.434715,,,
148_cell,,0.20032111,0.20032111,
149_cell,,0.27475813,0.27475813,
150_cell,0.53313977,,,
151_cell,,0.24170503,0.24170503,
152_cell,,0.33352914,,
153_cell,,,0.3740686,
154_cell,,0.37124944,,
155_cell,,0.17510436,0.17510436,
156_cell,0.23204584,,,
157_cell,0.59083426,,,
158_cell,,0.343107,,
159_cell,0.75861394,,,
160_cell,,0.2796671,,
161_cell,,0.34710017,,
162_cell,,0.21953988,0.21953988,
163_cell,,0.42447633,,
164_cell,,,,0.267546
165_cell,0.36445034,,,
166_cell,,,0.33848387,
167_cell,0.26986107,,,
168_cell,0.80839616,,,
169_cell,,,0.39483202,
170_cell,,,0.3737839,
171_cell,0.81111693,,,
172_cell,0.7206265,,,
173_cell,,0.32583326,,
174_cell,,,0.35079733,
175_cell,,,,0.2960796
176_cell,0.42889184,,,
177_cell,0.7387774,,,
178_cell,,,0.33378407,
179_cell,0.7821287,,,
180_cell,0.6892646,,,
181_cell,,0.33661515,,
182_cell,0.7532012,,,
183_cell,,,0.37452638,
184_cell,,,0.41636813,
185_cell,0.2588726,,,
186_cell,0.8284265,,,
187_cell,,0.3010585,,
188_cell,0.1084171,0.1084171,0.1084171,0.1084171
189_cell,,0.2012078,0.2012078,
190_cell,0.8059448,,,
191_cell,0.45734158,,,
192_cell,,0.29991892,,
193_cell,,0.3692715,,
194_cell,,,0.3735385,
195_cell,0.7183779,,,
196_cell,0.7434983,,,
197_cell,,0.30362764,0.30362764,
198_cell,0.10466272,0.10466272,0.10466272,0.10466272
199_cell,,,,0.22415976
200_cell,0.23178257,,,
201_cell,0.5146655,,,
202_cell,0.78950006,,,
203_cell,0.8355231,,,
204_cell,0.79694897,,,
205_cell,,,0.37516826,
206_cell,0.46617305,,,
207_cell,0.7315739,,,
208_cell,0.6392016,,,
209_cell,0.33145148,,,
210_cell,0.78074396,,,
211_cell,0.7625441,,,
212_cell,,0.32326955,,
213_cell,0.72362906,,,
214_cell,,0.3564994,,
215_cell,,0.34680778,,
216_cell,0.4345872,,,
217_cell,,0.36669376,,
218_cell,0.81052697,,,
219_cell,0.7866834,,,
220_cell,,0.255972,0.255972,
221_cell,,0.37248155,,
222_cell,0.82492733,,,
223_cell,,0.35225552,,
224_cell,,,0.36102036,
225_cell,0.6145817,,,
226_cell,,0.33779398,,
227_cell,,0.36451715,,
228_cell,,,0.41729632,
230_cell,0.6952917,,,
231_cell,0.6438097,,,
232_cell,,,0.32796565,
233_cell,0.7806203,,,
234_cell,0.44887748,,,
235_cell,,0.4453619,,
236_cell,,,0.3827675,
237_cell,0.8415999,,,
238_cell,0.11885098,0.11885098,0.11885098,0.11885098
239_cell,,0.34336284,,
240_cell,0.7087429,,,
241_cell,0.78558415,,,
242_cell,0.45693305,,,
243_cell,,,0.35339138,
244_cell,0.6299417,,,
245_cell,,0.3741017,,
246_cell,,,0.42490286,
247_cell,,0.3346925,,
248_cell,0.2913224,,,
249_cell,,0.29052207,0.29052207,
250_cell,,0.34383827,,
251_cell,,,0.40147394,
252_cell,0.7895748,,,
253_cell,0.7778175,,,
254_cell,0.81788707,,,
255_cell,,0.2915395,,
256_cell,0.8703765,,,
257_cell,0.06967402,0.06967402,0.06967402,0.06967402
258_cell,0.7836649,,,
259_cell,0.66362405,,,
260_cell,,0.19343546,0.19343546,
261_cell,0.14614666,,,
262_cell,0.82993746,,,
263_cell,,0.15415044,0.15415044,
264_cell,0.7288266,,,
265_cell,,,0.40720636,
266_cell,0.7683332,,,
267_cell,,0.1836147,0.1836147,
268_cell,,0.3635924,,
269_cell,0.8088099,,,
270_cell,,0.17612122,0.17612122,
271_cell,0.7073999,,,
272_cell,0.7199562,,,
273_cell,0.8663715,,,
274_cell,,0.26232234,0.26232234,
275_cell,,0.30648017,0.30648017,
276_cell,0.8618034,,,
277_cell,,,0.34136257,
278_cell,,0.39432883,,
279_cell,0.12755296,0.12755296,0.12755296,0.12755296
280_cell,,,0.3265215,
281_cell,,,0.3614577,
282_cell,0.7634012,,,
283_cell,,0.30941883,0.30941883,
284_cell,,0.29727802,0.29727802,
285_cell,,0.20558372,0.20558372,
286_cell,0.700956,,,
287_cell,,,,0.21225509
288_cell,,,0.3642226,
289_cell,0.6895308,,,
290_cell,,,0.32579994,
292_cell,0.66710144,,,
293_cell,0.7761941,,,
294_cell,0.660075,,,
295_cell,0.73023117,,,
296_cell,0.84002244,,,
297_cell,0.68966407,,,
298_cell,0.9622019,,,
299_cell,,0.40570894,,
300_cell,,,0.36060122,
301_cell,0.7349176,,,
302_cell,0.6196538,,,
303_cell,,0.36779335,,
304_cell,0.6584498,,,
305_cell,0.7571286,,,
306_cell,0.7460998,,,
307_cell,0.9156354,,,
308_cell,0.28717703,,,
309_cell,0.7833429,,,
310_cell,,0.2867343,,
311_cell,,,,0.27424964
312_cell,0.81398743,,,
313_cell,,,0.36187798,
314_cell,0.44648638,,,
315_cell,0.21379085,,,
316_cell,0.76641995,,,
317_cell,0.69654936,,,
318_cell,0.75401175,,,
319_cell,0.1856133,,,
320_cell,0.7477484,,,
321_cell,,0.26079094,,
322_cell,0.7076475,,,
323_cell,0.6230283,,,
324_cell,,,0.31599495,
325_cell,,0.24273124,0.24273124,
326_cell,0.8311797,,,
327_cell,0.42778736,,,
328_cell,,0.2774712,0.2774712,
329_cell,0.846027,,,
330_cell,0.6564877,,,
331_cell,0.0843218,0.0843218,0.0843218,0.0843218
332_cell,0.25570655,,,
333_cell,0.08079217,0.08079217,0.08079217,0.08079217
334_cell,,,0.34340882,
335_cell,0.78138024,,,
336_cell,0.772459,,,
337_cell,0.8107975,,,
338_cell,,,0.38867262,
339_cell,,,0.38717136,
340_cell,,,0.37102962,
341_cell,0.82741773,,,
342_cell,,0.25448748,0.25448748,
343_cell,,0.35932675,,
344_cell,0.6958605,,,
345_cell,,,0.39370516,
346_cell,,0.37687692,,
347_cell,,0.3619512,,
348_cell,,0.42681003,,
349_cell,,,0.37439704,
350_cell,,,,0.4411579
351_cell,,0.14330827,0.14330827,
352_cell,,,0.3931849,
353_cell,0.67581046,,,
354_cell,0.38696417,,,
355_cell,0.7981794,,,
356_cell,,0.21527736,,
357_cell,,,0.40625858,
358_cell,0.7307508,,,
359_cell,0.6668611,,,
360_cell,,,0.43086508,
361_cell,,,0.3709001,
362_cell,,0.18489192,0.18489192,
363_cell,0.7518124,,,
364_cell,,0.21381411,0.21381411,
365_cell,,0.3048021,,
366_cell,,0.14935464,0.14935464,
367_cell,0.4294539,,,
368_cell,,0.24592032,0.24592032,
369_cell,0.4899934,,,
370_cell,0.78961176,,,
371_cell,,,0.36443081,
372_cell,,0.19533113,0.19533113,
373_cell,,0.34432638,,
374_cell,,0.36317253,,
375_cell,0.30757013,,,
376_cell,0.38514674,,,
377_cell,0.45745263,,,
378_cell,0.6240357,,,
379_cell,,,0.36439437,
380_cell,,,0.3621634,
381_cell,,0.21220969,0.21220969,
382_cell,0.3478108,,,
383_cell,0.78746164,,,
384_cell,0.27678868,,,
385_cell,,0.2758203,0.2758203,
386_cell,0.87532127,,,
387_cell,,,0.30913335,
388_cell,,,0.3950029,
389_cell,,0.16697472,0.16697472,
390_cell,,0.14176022,0.14176022,
391_cell,0.65302944,,,
392_cell,,,0.32676464,
393_cell,0.8215088,,,
394_cell,,0.2819222,0.2819222,
395_cell,0.83693326,,,
396_cell,0.38991562,,,
397_cell,0.41055796,,,
398_cell,,,0.37565827,
399_cell,0.5551013,,,
400_cell,,0.33371735,,
402_cell,,0.36766028,,
403_cell,,0.18540487,0.18540487,
404_cell,,,,0.44184905
405_cell,,0.14722805,0.14722805,
406_cell,0.7364922,,,
407_cell,,,0.31964865,
408_cell,,,0.3858474,
409_cell,,0.22284707,0.22284707,
410_cell,,,0.35422516,
411_cell,0.6850545,,,
412_cell,,,0.3366139,
413_cell,0.6152629,,,
414_cell,,,0.3620984,
415_cell,0.009562113,0.009562113,0.009562113,0.009562113
416_cell,,0.4257143,,
418_cell,,0.1800171,0.1800171,
419_cell,,,0.35648486,
420_cell,0.86137,,,
421_cell,0.7105907,,,
422_cell,,0.30787945,,
423_cell,0.3271135,,,
424_cell,0.6155414,,,
425_cell,0.4949574,,,
426_cell,,,0.34494066,
427_cell,,0.32067704,,
428_cell,,,0.3927195,
429_cell,0.3728635,,,
430_cell,0.049261063,0.049261063,0.049261063,0.049261063
431_cell,0.5633686,,,
432_cell,,0.2946322,0.2946322,
433_cell,0.7452118,,,
434_cell,,0.32943535,,
435_cell,,,0.38334242,
436_cell,,0.33419445,,
437_cell,0.4163289,,,
438_cell,0.26376548,,,
439_cell,,0.3905298,,
440_cell,0.6363977,,,
441_cell,0.63625324,,,
442_cell,0.46205214,,,
443_cell,0.69393057,,,
444_cell,,0.38514662,,
445_cell,0.8474291,,,
446_cell,,0.29113224,0.29113224,
447_cell,,0.2189151,0.2189151,
448_cell,0.20039536,,,
449_cell,0.82034636,,,
450_cell,0.10701335,0.10701335,0.10701335,0.10701335
451_cell,,0.42803344,,
453_cell,,,0.388601,
454_cell,,,0.35634518,
455_cell,0.8204931,,,
456_cell,0.7655348,,,
457_cell,,0.39528328,,
458_cell,,0.38644755,,
459_cell,,,0.34009546,
460_cell,0.74911827,,,
461_cell,,0.36086154,,
462_cell,0.022801148,0.022801148,0.022801148,0.022801148
463_cell,,0.32572958,,
464_cell,,0.24339892,0.24339892,
465_cell,,0.38324583,,
466_cell,0.4332312,,,
467_cell,0.55387926,,,
468_cell,,0.3433929,,
469_cell,,0.1479782,0.1479782,
470_cell,,,0.36604825,
471_cell,,0.3868538,,
472_cell,,,0.39295918,
473_cell,0.3564683,,,
474_cell,0.34521136,,,
475_cell,,0.12983468,0.12983468,
476_cell,,0.35234007,,
477_cell,0.83747715,,,
478_cell,,0.2995091,0.2995091,
479_cell,0.28365833,,,
480_cell,,0.31721652,,
481_cell,,,0.41397408,
482_cell,,0.38635492,,
483_cell,,0.36977535,,
484_cell,0.49978596,,,
485_cell,,0.44450566,,
486_cell,0.56635696,,,
487_cell,,0.40230826,,
488_cell,,,0.3478257,
489_cell,,0.43466857,,
490_cell,0.8267712,,,
491_cell,0.87373275,,,
492_cell,0.84235317,,,
493_cell,,,0.3800161,
494_cell,,,0.34266463,
495_cell,0.4748469,,,
496_cell,0.5461357,,,
497_cell,,0.16118723,0.16118723,
498_cell,,,0.3436214,
499_cell,0.30067974,,,
500_cell,,0.2883127,0.2883127,
502_cell,,0.41686952,,
503_cell,0.8218041,,,
504_cell,0.67575175,,,
505_cell,0.22247934,,,
506_cell,,,,0.41497836
507_cell,0.8342518,,,
508_cell,0.7042032,,,
509_cell,,,0.3904522,
510_cell,,,0.38743526,
511_cell,,0.13925274,0.13925274,
512_cell,0.3383647,,,
513_cell,0.29088113,,,
514_cell,,,0.3837926,
515_cell,0.39268622,,,
516_cell,0.7270056,,,
517_cell,,0.48406023,,
518_cell,,,0.39860776,
519_cell,,,0.33740002,
520_cell,0.79325366,,,
521_cell,,,0.36115807,
522_cell,0.7212579,,,
523_cell,0.28156993,,,
524_cell,,0.30497575,0.30497575,
526_cell,,0.18192823,,
527_cell,0.7719525,,,
528_cell,,0.2518218,,
529_cell,,0.12192745,0.12192745,
530_cell,,0.15036063,0.15036063,
531_cell,,0.37179768,,
532_cell,0.11538767,0.11538767,0.11538767,0.11538767
533_cell,0.26575828,,,
534_cell,,0.40725702,,
535_cell,,,0.35357368,
536_cell,0.75897425,,,
537_cell,,0.40788776,,
538_cell,0.7904138,,,
539_cell,0.35026914,,,
540_cell,,,,0.4559563
542_cell,0.83093023,,,
543_cell,,,0.42387652,
544_cell,,0.19127467,0.19127467,
545_cell,0.693606,,,
546_cell,0.68261933,,,
547_cell,0.8835542,,,
548_cell,,0.42263842,,
549_cell,,,0.38703242,
550_cell,,0.45047763,,
551_cell,0.38781923,,,
552_cell,,,0.373445,
553_cell,0.47750112,,,
554_cell,,,0.36231646,
555_cell,,0.28093585,,
556_cell,0.15721188,0.15721188,0.15721188,0.15721188
557_cell,,0.31176174,,
558_cell,,0.19523181,0.19523181,
559_cell,,0.32994184,,
560_cell,,0.32559502,0.32559502,
561_cell,0.07180373,0.07180373,0.07180373,0.07180373
562_cell,,,0.37420863,
563_cell,0.8875113,,,
564_cell,0.7113419,,,
565_cell,0.54968685,,,
566_cell,0.52787685,,,
567_cell,,0.39223883,,
568_cell,,0.1743591,0.1743591,
569_cell,0.3980202,,,
570_cell,,0.20084044,0.20084044,
571_cell,0.35260946,,,
572_cell,,,0.39498493,
573_cell,,0.29519105,0.29519105,
574_cell,0.805613,,,
575_cell,,0.34761903,,
576_cell,,0.34297496,,
577_cell,0.35766312,,,
578_cell,,0.17191744,0.17191744,
579_cell,,,0.35607925,
580_cell,,,0.34249464,
581_cell,0.790259,,,
582_cell,0.4444578,,,
583_cell,,0.28825957,0.28825957,
584_cell,,0.18149367,0.18149367,
585_cell,,0.39271984,,
586_cell,,0.43618596,,
587_cell,,0.1592207,0.1592207,
588_cell,0.9498072,,,
589_cell,,,0.37584156,
590_cell,0.0380332,0.0380332,0.0380332,0.0380332
591_cell,,0.22045463,0.22045463,
592_cell,0.23225307,,,
593_cell,,0.39713722,,
594_cell,,0.1636066,0.1636066,
595_cell,,,0.42371538,
596_cell,,0.41183403,,
597_cell,0.4069753,,,
598_cell,0.66117764,,,
599_cell,,0.17073108,0.17073108,
600_cell,,,0.39895648,
602_cell,,0.33439738,,
603_cell,0.6825654,,,
604_cell,,,0.3618584,
605_cell,,,0.32621327,
606_cell,,,0.3912404,
608_cell,,0.24061306,,
609_cell,0.76474845,,,
610_cell,,0.18183292,0.18183292,
611_cell,,0.14660344,0.14660344,
613_cell,1.0,,,
615_cell,0.765623,,,
616_cell,0.4247012,,,
617_cell,0.42578048,,,
618_cell,0.79396856,,,
619_cell,0.8603805,,,
620_cell,,,0.350905,
621_cell,0.5075128,,,
622_cell,,0.42202413,,
623_cell,0.8548414,,,
624_cell,,0.15664911,0.15664911,
625_cell,0.49021703,,,
626_cell,,,0.36712646,
627_cell,,0.24922113,0.24922113,
628_cell,,0.20258895,0.20258895,
629_cell,,0.12670411,0.12670411,
630_cell,0.079205476,0.079205476,0.079205476,0.079205476
631_cell,0.443725,,,
632_cell,0.41977936,,,
633_cell,0.4723274,,,
634_cell,,,0.34529346,
635_cell,,,0.37538746,
637_cell,,,0.3850879,
638_cell,,,0.39354825,
639_cell,0.74854827,,,
640_cell,,,0.33974627,
641_cell,0.33569586,,,
642_cell,0.6674882,,,
643_cell,,0.2691081,0.2691081,
644_cell,,0.41726452,,
645_cell,,,0.37064084,
647_cell,0.10674543,0.10674543,0.10674543,0.10674543
648_cell,,0.21439773,0.21439773,
649_cell,,,0.36081216,
650_cell,0.6891177,,,
652_cell,,0.20362878,0.20362878,
653_cell,,,0.39628533,
654_cell,0.78568465,,,
655_cell,0.8577824,,,
656_cell,,0.42373145,,
657_cell,,,0.2933797,
658_cell,,0.1824304,0.1824304,
659_cell,,0.3501227,,
660_cell,,,0.34270763,
661_cell,,0.2812744,0.2812744,
662_cell,,0.3952245,,
663_cell,0.7003423,,,
664_cell,,,0.33457962,
665_cell,0.120421216,0.120421216,0.120421216,0.120421216
666_cell,,0.24316858,0.24316858,
667_cell,0.8005104,,,
668_cell,0.82228553,,,
669_cell,0.7882721,,,
670_cell,0.5267092,,,
671_cell,,,0.35416955,
672_cell,,0.30404666,0.30404666,
673_cell,0.731682,,,
674_cell,0.761645,,,
675_cell,,0.42947617,,
676_cell,0.4275577,,,
677_cell,,0.3161844,,
678_cell,,,0.3898746,
679_cell,0.6271434,,,
680_cell,0.70741296,,,
681_cell,0.8479136,,,
682_cell,0.6809721,,,
683_cell,0.87911296,,,
684_cell,,0.18038481,0.18038481,
685_cell,0.66988516,,,
686_cell,,0.3227492,0.3227492,
687_cell,,0.30287343,,
688_cell,0.84248006,,,
689_cell,0.17352684,,,
690_cell,0.049073607,0.049073607,0.049073607,0.049073607
691_cell,,0.34936762,,
692_cell,,,0.35339963,
693_cell,,,0.3766483,
694_cell,,,0.3769953,
695_cell,,,0.35894552,
696_cell,,0.23805343,0.23805343,
697_cell,,0.32180604,,
698_cell,,,0.34933096,
699_cell,0.30044043,,,
700_cell,,,0.34931183,
701_cell,0.25361887,,,
702_cell,,,0.34559885,
703_cell,0.91122204,,,
704_cell,0.7404961,,,
705_cell,,,0.42928612,
706_cell,,,0.40575615,
707_cell,,0.41962904,,
708_cell,0.81825644,,,
709_cell,,0.19916296,0.19916296,
710_cell,0.6855713,,,
711_cell,,,0.39327076,
712_cell,0.8083943,,,
713_cell,0.441506,,,
714_cell,0.7647054,,,
716_cell,,0.3248529,,
717_cell,,0.09531951,0.09531951,
718_cell,0.21845241,,,
719_cell,0.86289805,,,
720_cell,,,,0.4341392
721_cell,,,0.3782502,
722_cell,,,0.38326555,
723_cell,,,,0.22985227
724_cell,0.60081875,,,
725_cell,,0.26058203,,
726_cell,0.8728688,,,
727_cell,0.7136073,,,
728_cell,,0.1868548,0.1868548,
729_cell,0.7234538,,,
730_cell,0.7615305,,,
731_cell,0.69037,,,
732_cell,,,0.33632308,
733_cell,0.8219777,,,
734_cell,0.7667846,,,
735_cell,,0.2751487,,
736_cell,,0.3967312,,
737_cell,,,,0.25661063
738_cell,,0.45067582,,
739_cell,,0.4105146,,
740_cell,,0.22513036,0.22513036,
741_cell,0.7175348,,,
742_cell,,,0.34224135,
743_cell,,,,0.2621676
744_cell,,0.2941726,,
745_cell,,,0.41493177,
746_cell,,0.39410722,,
747_cell,0.7033488,,,
748_cell,,0.3426903,,
749_cell,,0.4091252,,
750_cell,0.6081796,,,
751_cell,0.8239193,,,
752_cell,,,0.36058667,
753_cell,,,0.41587988,
754_cell,,0.23957586,0.23957586,
755_cell,0.5238385,,,
756_cell,,0.23018377,0.23018377,
757_cell,0.2704798,,,
758_cell,,0.3543341,,
759_cell,0.42121416,,,
760_cell,,0.3681917,,
761_cell,,0.31853062,,
762_cell,0.03291913,0.03291913,0.03291913,0.03291913
763_cell,0.37629786,,,
764_cell,,,0.40737218,
765_cell,,0.28049025,,
766_cell,,0.3972666,,
767_cell,,,0.37783116,
768_cell,,,0.36511773,
769_cell,0.7853031,,,
770_cell,0.37802517,,,
771_cell,0.32651332,,,
772_cell,,0.26457042,0.26457042,
773_cell,,,0.36643332,
774_cell,,0.36235127,,
775_cell,0.8251316,,,
776_cell,0.8870939,,,
777_cell,0.6964703,,,
778_cell,0.7501312,,,
779_cell,0.5679042,,,
780_cell,0.84349966,,,
781_cell,,0.32405677,0.32405677,
782_cell,,,0.3717275,
783_cell,,,0.34025705,
784_cell,,0.4544449,,
785_cell,0.79262865,,,
786_cell,0.5859003,,,
787_cell,,0.29104766,,
788_cell,,,0.34643272,
789_cell,,0.32970685,,
790_cell,,,0.42481786,
791_cell,,0.36963055,,
792_cell,0.87698454,,,
793_cell,,,,0.4597434
794_cell,,0.3557402,,
795_cell,,,0.39502037,
796_cell,,0.15032251,0.15032251,
797_cell,,0.14554295,0.14554295,
798_cell,0.5540697,,,
799_cell,,0.3669371,,
800_cell,0.81398904,,,
802_cell,0.794052,,,
803_cell,,0.3106784,,
804_cell,,,0.31781968,
805_cell,,,,0.3202443
806_cell,,0.21591048,0.21591048,
807_cell,0.5070734,,,
808_cell,,0.2883991,0.2883991,
809_cell,0.6755874,,,
810_cell,,0.2253281,0.2253281,
811_cell,,,0.34987792,
812_cell,,0.3291083,0.3291083,
813_cell,0.8164078,,,
814_cell,0.8772241,,,
815_cell,,0.3600048,,
816_cell,0.8667164,,,
817_cell,0.5750564,,,
818_cell,0.901755,,,
819_cell,0.50467,,,
820_cell,,0.26705813,0.26705813,
821_cell,,,0.3521168,
822_cell,,0.29503602,0.29503602,
823_cell,,,,0.28135037
824_cell,,0.4028429,,
825_cell,,0.3067409,0.3067409,
826_cell,0.400381,,,
827_cell,0.7870227,,,
828_cell,,0.29548982,,
829_cell,0.39842802,,,
830_cell,0.8464456,,,
831_cell,,,0.33724698,
832_cell,,0.3855427,,
833_cell,0.82854146,,,
834_cell,,0.2333192,0.2333192,
835_cell,,0.27736673,,
836_cell,0.5987631,,,
837_cell,0.85411245,,,
838_cell,0.70485276,,,
839_cell,0.83243585,,,
840_cell,,,,0.22791895
841_cell,0.75864536,,,
842_cell,0.7762564,,,
843_cell,,,0.35997874,
844_cell,0.051549006,0.051549006,0.051549006,0.051549006
845_cell,0.5239933,,,
846_cell,,,0.31650835,
847_cell,0.30316967,,,
848_cell,0.6498228,,,
849_cell,0.76349026,,,
850_cell,,,0.38301846,
851_cell,,,,0.482919
852_cell,0.4172837,,,
853_cell,0.72620517,,,
854_cell,0.5698546,,,
856_cell,0.7589309,,,
857_cell,,0.337563,,
858_cell,0.7861912,,,
859_cell,0.7304112,,,
860_cell,,0.38353512,,
861_cell,,0.333584,,
862_cell,,0.2286475,0.2286475,
863_cell,,,0.3656543,
864_cell,,,0.36296165,
865_cell,,,0.37851787,
866_cell,0.5578306,,,
867_cell,0.32286614,,,
868_cell,0.6779664,,,
869_cell,0.74275446,,,
870_cell,0.29534557,,,
871_cell,0.8950694,,,
872_cell,,,0.33880362,
873_cell,0.7696027,,,
874_cell,,0.38113534,,
875_cell,,0.33470228,,
876_cell,0.6284236,,,
877_cell,,0.34480134,,
878_cell,0.48796314,,,
879_cell,,0.14403178,0.14403178,
880_cell,0.8176897,,,
881_cell,0.4989444,,,
882_cell,0.89509755,,,
883_cell,0.69598776,,,
884_cell,,,0.36282483,
885_cell,,0.15875572,0.15875572,
886_cell,0.29120985,,,
887_cell,,,0.35682517,
888_cell,,0.24225816,0.24225816,
889_cell,,,0.38413355,
891_cell,,0.22534543,0.22534543,
892_cell,0.13346025,,,
893_cell,0.547529,,,
894_cell,,0.43117064,,
895_cell,,,0.37465882,
896_cell,,0.38888544,,
897_cell,0.8273099,,,
898_cell,0.7810476,,,
899_cell,,0.21539159,,
900_cell,0.5712333,,,
901_cell,0.6978314,,,
902_cell,0.8317739,,,
903_cell,,0.39064533,,
904_cell,,0.1536752,0.1536752,
905_cell,,0.22517778,0.22517778,
906_cell,0.24132638,,,
907_cell,0.26273957,,,
908_cell,,0.37288135,,
909_cell,0.35587007,,,
910_cell,,0.29941365,,
911_cell,0.07480038,0.07480038,0.07480038,0.07480038
912_cell,,,0.37696135,
913_cell,0.8067451,,,
914_cell,,0.37828508,,
915_cell,,0.24799074,0.24799074,
916_cell,,,0.38866672,
917_cell,0.9291041,,,
918_cell,,0.30968586,,
919_cell,,0.41779372,,
920_cell,0.8304046,,,
921_cell,,0.19613515,,
922_cell,0.36137623,,,
923_cell,0.36117968,,,
924_cell,0.70151865,,,
925_cell,,,0.36642233,
926_cell,0.81342334,,,
927_cell,0.723455,,,
928_cell,,,0.34737712,
929_cell,0.39568165,,,
930_cell,,,0.35603535,
931_cell,0.037020016,0.037020016,0.037020016,0.037020016
932_cell,,0.2578467,0.2578467,
933_cell,0.68026257,,,
934_cell,0.7429594,,,
935_cell,0.8110094,,,
936_cell,,,0.36238232,
937_cell,,0.3866027,,
938_cell,,0.2463933,0.2463933,
939_cell,0.8234792,,,
941_cell,0.8850972,,,
942_cell,,0.24738348,0.24738348,
943_cell,0.82654744,,,
944_cell,0.76179534,,,
945_cell,,0.42563078,,
946_cell,,0.3827425,,
947_cell,0.41112643,,,
948_cell,0.9338238,,,
949_cell,,0.26227364,0.26227364,
950_cell,,0.40222976,,
951_cell,0.80500054,,,
952_cell,0.29026285,,,
953_cell,0.6403888,,,
954_cell,,,0.4219329,
955_cell,0.8444979,,,
956_cell,0.5182984,,,
957_cell,0.7090337,,,
958_cell,0.99400806,,,
959_cell,0.37235132,,,
960_cell,,0.3640914,,
962_cell,,0.2225073,0.2225073,
963_cell,0.8030807,,,
964_cell,0.6713317,,,
965_cell,0.35059938,,,
966_cell,0.55866873,,,
968_cell,0.71118915,,,
969_cell,,,0.392883,
970_cell,0.8168777,,,
971_cell,0.8979675,,,
972_cell,0.35323668,,,
973_cell,0.8645894,,,
974_cell,0.30210248,,,
975_cell,0.63425356,,,
976_cell,0.7958064,,,
977_cell,0.7344659,,,
978_cell,,0.32914218,,
979_cell,0.7638226,,,
980_cell,,0.40041435,,
981_cell,,0.3563245,,
982_cell,0.7309107,,,
983_cell,,,0.3759712,
984_cell,0.8560946,,,
985_cell,0.763285,,,
986_cell,,0.42500263,,
987_cell,,,0.40432653,
988_cell,,0.25525597,0.25525597,
989_cell,0.506233,,,
990_cell,,0.3646426,,
991_cell,,,0.373319,
992_cell,,0.38379225,,
993_cell,,,,0.4066504
994_cell,0.37872776,,,
995_cell,0.23660512,,,
996_cell,,,0.34267223,
997_cell,,0.30099365,0.30099365,
998_cell,0.745886,,,
999_cell,0.2936204,,,
1000_cell,0.7475814,,,
1001_cell,,0.20243762,0.20243762,
1002_cell,,,0.38155478,
1003_cell,0.7790868,,,
1004_cell,0.78174555,,,
1005_cell,0.8406957,,,
1006_cell,,0.31439143,,
1007_cell,0.74668336,,,
1008_cell,0.407558,,,
1009_cell,0.756339,,,
1010_cell,,0.36684537,,
1011_cell,,0.2927888,0.2927888,
1012_cell,0.52377,,,
1013_cell,0.1195083,0.1195083,0.1195083,0.1195083
1014_cell,,0.4071678,,
1015_cell,,,0.35054144,
1016_cell,,0.37413296,,
1017_cell,,,0.38529566,
1018_cell,0.78549516,,,
1019_cell,,,0.31320462,
1020_cell,,,0.3354018,
1021_cell,0.1398868,,,
1022_cell,,0.24461617,0.24461617,
1023_cell,0.36970824,,,
1024_cell,0.7294053,,,
1025_cell,0.65446967,,,
1026_cell,0.75506693,,,
1027_cell,,0.37280053,,
1028_cell,0.7390572,,,
1029_cell,0.8252195,,,
1030_cell,0.6915442,,,
1031_cell,0.85070586,,,
1032_cell,,,0.32407072,
1033_cell,,,0.36028594,
1034_cell,,,,0.4236228
1035_cell,0.7113463,,,
1036_cell,0.399848,,,
1037_cell,0.266031,,,
1038_cell,,0.3305384,,
1039_cell,0.72258615,,,
1040_cell,,0.27178746,0.27178746,
1041_cell,0.6892127,,,
1042_cell,0.7013244,,,
1043_cell,,0.36129758,,
1044_cell,0.4124536,,,
1045_cell,,,0.36831343,
1046_cell,0.1657382,,,
1047_cell,0.8370258,,,
1048_cell,,0.28580102,0.28580102,
1049_cell,0.7957896,,,
1050_cell,,0.31097755,0.31097755,
1051_cell,0.7964094,,,
1052_cell,,0.37648538,,
1053_cell,0.6049689,,,
1054_cell,0.6194902,,,
1055_cell,,,,0.30591318
1056_cell,0.47044802,,,
1057_cell,,,0.36603665,
1058_cell,0.86908466,,,
1059_cell,0.6508648,,,
1060_cell,0.15779744,0.15779744,0.15779744,0.15779744
1061_cell,0.71180147,,,
1062_cell,,,0.42181182,
1063_cell,0.64638036,,,
1064_cell,0.7857923,,,
1065_cell,0.34205157,,,
1066_cell,0.57100654,,,
1067_cell,0.83592063,,,
1068_cell,0.7755129,,,
1069_cell,0.76286703,,,
1070_cell,,0.44934297,,
1071_cell,0.31721818,,,
1072_cell,0.8101066,,,
1073_cell,,0.3714721,,
1074_cell,,0.24518828,0.24518828,
1075_cell,0.037134796,0.037134796,0.037134796,0.037134796
1076_cell,0.77026993,,,
1077_cell,0.7437981,,,
1078_cell,,,0.39579314,
1079_cell,,0.116679646,0.116679646,
1080_cell,0.035414796,0.035414796,0.035414796,0.035414796
1081_cell,,0.36290026,,
1082_cell,,0.36267588,,
1083_cell,0.7789562,,,
1084_cell,,,0.3479914,
1085_cell,0.79987025,,,
1086_cell,0.745875,,,
1087_cell,,,0.41376594,
1088_cell,,,0.3610105,
1089_cell,,,,0.46732047
1090_cell,,0.4777105,,
1091_cell,,0.2054526,0.2054526,
1092_cell,0.7907723,,,
1093_cell,0.75620174,,,
1094_cell,0.7639802,,,
1095_cell,0.29893926,,,
1096_cell,,0.4110736,,
1097_cell,,,0.4011517,
1098_cell,0.6697514,,,
1099_cell,,0.29093224,0.29093224,
1100_cell,0.83997756,,,
1101_cell,,,0.39551646,
1102_cell,,,0.38566098,
1103_cell,,,0.3975122,
1104_cell,,0.2188051,0.2188051,
1105_cell,0.792752,,,
1106_cell,0.85619575,,,
1107_cell,,,0.38063827,
1108_cell,0.44413623,,,
1109_cell,0.16443796,,,
1110_cell,0.28641656,,,
1111_cell,,0.29826584,,
1112_cell,0.6901741,,,
1113_cell,0.4126452,,,
1114_cell,,,0.31556925,
1115_cell,0.7302692,,,
1116_cell,0.81353766,,,
1117_cell,,,,0.3010973
1118_cell,0.2906331,,,
1119_cell,,0.40007612,,
1120_cell,0.5991169,,,
1121_cell,,,0.37661436,
1122_cell,0.73991853,,,
1123_cell,,,0.37023446,
1124_cell,0.22080374,,,
1125_cell,0.2621959,,,
1127_cell,,0.34531933,,
1128_cell,0.25943235,,,
1129_cell,,,0.3409888,
1130_cell,0.26455322,,,
1131_cell,,,0.37687957,
1132_cell,0.74831814,,,
1133_cell,,,0.35256875,
1134_cell,0.854017,,,
1135_cell,0.7153104,,,
1137_cell,,0.3971534,,
1138_cell,0.7805049,,,
1140_cell,0.7994812,,,
1141_cell,0.73349315,,,
1142_cell,0.81487495,,,
1143_cell,0.4471902,,,
1144_cell,,0.35469905,,
1145_cell,0.09617703,0.09617703,0.09617703,0.09617703
1146_cell,,,0.38667282,
1147_cell,0.8186223,,,
1148_cell,,0.25555545,0.25555545,
1149_cell,0.30311662,,,
1150_cell,0.36213428,,,
1151_cell,,0.339123,,
1152_cell,,0.31248987,,
1153_cell,0.7133896,,,
1154_cell,,0.17332654,0.17332654,
1155_cell,,,0.31981614,
1156_cell,0.67108536,,,
1157_cell,0.84066063,,,
1158_cell,0.78336215,,,
1159_cell,,,0.37390816,
1160_cell,0.5024409,,,
1161_cell,0.8503436,,,
1162_cell,,0.3048793,0.3048793,
1163_cell,,,0.37835553,
1164_cell,0.51229274,,,
1165_cell,0.42449012,,,
1166_cell,,,0.35112152,
1167_cell,0.80902153,,,
1168_cell,0.77821493,,,
1169_cell,,,0.3164067,
1170_cell,0.76790595,,,
1171_cell,0.745479,,,
1172_cell,0.2608791,,,
1173_cell,,,0.42174044,
1174_cell,,,0.37252602,
1175_cell,0.7550123,,,
1176_cell,0.65940404,,,
1177_cell,0.04061676,0.04061676,0.04061676,0.04061676
1178_cell,0.7451866,,,
1179_cell,,0.37702015,,
1180_cell,0.75945514,,,
1181_cell,,0.2744114,0.2744114,
1182_cell,0.6882798,,,
1183_cell,0.045932822,0.045932822,0.045932822,0.045932822
1184_cell,0.49231288,,,
1185_cell,0.794577,,,
1186_cell,0.3123161,,,
1187_cell,0.41486916,,,
1188_cell,,0.4383067,,
1189_cell,,0.3962417,,
1190_cell,,0.1982774,,
1191_cell,0.66106457,,,
1192_cell,,0.34588957,,
1193_cell,0.72014487,,,
1194_cell,0.8399197,,,
1195_cell,0.5256512,,,
1196_cell,0.76028454,,,
1197_cell,0.7385425,,,
1198_cell,,0.30263263,0.30263263,
1199_cell,0.76679015,,,
1200_cell,0.57486975,,,
1201_cell,0.71702194,,,
1202_cell,,0.3884479,,
1203_cell,,0.22794871,0.22794871,
1204_cell,,,0.33805212,
1205_cell,0.9911884,,,
1206_cell,0.8504223,,,
1207_cell,0.7888823,,,
1208_cell,,0.36494663,,
1209_cell,,,,0.26293287
1210_cell,0.72926277,,,
1211_cell,0.27130857,,,
1212_cell,0.60448337,,,
1213_cell,0.7308369,,,
1214_cell,,0.2828505,0.2828505,
1215_cell,,,0.37190998,
1216_cell,,,0.3727212,
1217_cell,0.7797813,,,
1218_cell,,0.25876617,,
1219_cell,0.4704389,,,
1220_cell,0.06107581,0.06107581,0.06107581,0.06107581
1221_cell,0.7527369,,,
1223_cell,0.3950441,,,
1224_cell,,0.2998605,,
1225_cell,0.4151143,,,
1226_cell,0.10317447,0.10317447,0.10317447,0.10317447
1227_cell,0.5336452,,,
1228_cell,0.3389486,,,
1229_cell,,0.17839192,0.17839192,
1230_cell,0.7132206,,,
1231_cell,,,0.40606922,
1232_cell,0.4450158,,,
1233_cell,,0.38794127,,
1234_cell,,,0.3849312,
1235_cell,,,0.3713139,
1236_cell,0.7617992,,,
1237_cell,,0.39849773,,
1238_cell,0.3000414,,,
1239_cell,0.74160624,,,
1240_cell,,0.32055908,,
1241_cell,0.8049721,,,
1242_cell,,,0.34557348,
1243_cell,,,0.40993795,
1244_cell,,,,0.30805928
1245_cell,,0.36269706,,
1246_cell,,0.2726481,0.2726481,
1247_cell,0.10420017,0.10420017,0.10420017,0.10420017
1248_cell,0.8357949,,,
1249_cell,0.59506375,,,
1250_cell,,0.18997523,0.18997523,
1251_cell,,0.35502025,,
1252_cell,0.7223934,,,
1253_cell,,,0.34634042,
1254_cell,0.37487236,,,
1255_cell,,,0.37129804,
1256_cell,,,0.36660406,
1257_cell,0.6491376,,,
1258_cell,,0.13897128,0.13897128,
1259_cell,0.34271726,,,
1260_cell,0.740482,,,
1261_cell,0.73042774,,,
1262_cell,0.80754536,,,
1263_cell,,0.32603613,,
1264_cell,0.38066503,,,
1265_cell,,,,0.41512227
1266_cell,,,0.3357612,
1267_cell,0.8491302,,,
1268_cell,0.7481467,,,
1269_cell,,0.29447183,,
1270_cell,,0.30921116,,
1271_cell,0.33411902,,,
1272_cell,0.7885016,,,
1273_cell,,,0.3171364,
1274_cell,,,0.42010826,
1275_cell,0.6150241,,,
1276_cell,0.8079345,,,
1277_cell,,0.2530981,,
1278_cell,,0.374537,,
1279_cell,0.65004605,,,
1280_cell,0.39914048,,,
1281_cell,0.78929627,,,
1282_cell,,,0.40986177,
1283_cell,,,0.43438846,
1284_cell,0.41729045,,,
1285_cell,0.6444473,,,
1286_cell,0.7178399,,,
1287_cell,,,0.38159326,
1288_cell,0.36840236,,,
1289_cell,0.52295125,,,
1290_cell,0.72033757,,,
1291_cell,,0.16965266,0.16965266,
1292_cell,,0.35634592,,
1293_cell,0.78933054,,,
1294_cell,,0.31892496,,
1295_cell,0.7940032,,,
1296_cell,0.76057446,,,
1297_cell,,0.21511069,0.21511069,
1298_cell,,0.43764576,,
1299_cell,,,,0.26281616
1300_cell,0.3797554,,,
1301_cell,,0.429024,,
1302_cell,0.63399345,,,
1303_cell,,0.21242471,0.21242471,
1304_cell,0.33701387,,,
1305_cell,,,0.35011807,
1307_cell,0.8155199,,,
1308_cell,,0.37066036,,
1309_cell,0.751184,,,
1310_cell,0.50089264,,,
1311_cell,0.91975576,,,
1312_cell,0.78872275,,,
1313_cell,0.8101984,,,
1314_cell,0.82260925,,,
1315_cell,0.47912183,,,
1316_cell,,,0.34437266,
1317_cell,0.74483967,,,
1318_cell,0.6578834,,,
1319_cell,,,0.36754185,
1320_cell,,0.32303423,,
1321_cell,,0.2992723,0.2992723,
1322_cell,0.8262055,,,
1323_cell,0.67896575,,,
1324_cell,0.37144786,,,
1325_cell,,0.18226382,0.18226382,
1327_cell,0.8109884,,,
1328_cell,,0.18980801,0.18980801,
1329_cell,0.7224928,,,
1330_cell,,,0.3972274,
1331_cell,0.78035986,,,
1332_cell,0.697397,,,
1333_cell,,0.21794423,0.21794423,
1334_cell,,0.45188457,,
1335_cell,,0.2749873,,
1336_cell,,0.41971642,,
1337_cell,,0.13597645,0.13597645,
1338_cell,0.684845,,,
1339_cell,0.8106964,,,
1340_cell,0.44625401,,,
1341_cell,0.80270356,,,
1342_cell,,,0.34220928,
1343_cell,,0.31042126,,
1344_cell,,0.35416672,,
1345_cell,,0.18484573,0.18484573,
1346_cell,,,0.39874104,
1347_cell,0.63105077,,,
1348_cell,0.30246904,,,
1349_cell,,,0.37323967,
1350_cell,0.8861188,,,
1351_cell,,0.2739349,0.2739349,
1352_cell,,,0.3648136,
1353_cell,,,0.339332,
1354_cell,0.76852596,,,
1355_cell,,0.37036014,,
1356_cell,,,0.364738,
1357_cell,,0.18999928,0.18999928,
1358_cell,,0.277862,0.277862,
1359_cell,,0.36208957,,
1360_cell,,,,0.44818375
1361_cell,,,0.30949625,
1362_cell,0.64821374,,,
1363_cell,0.45701325,,,
1364_cell,,,0.34316522,
1365_cell,0.6929409,,,
1366_cell,0.46919557,,,
1367_cell,0.6750693,,,
1368_cell,,0.32196403,0.32196403,
1369_cell,0.27632058,,,
1370_cell,0.28651348,,,
1371_cell,,,0.3613892,
1372_cell,0.5280912,,,
1373_cell,,,0.41005424,
1374_cell,0.87568575,,,
1375_cell,,0.3414713,,
1376_cell,0.38135964,,,
1377_cell,,0.31243917,,
1378_cell,,,,0.48908615
1379_cell,0.7487573,,,
1380_cell,0.7278478,,,
1381_cell,0.84881824,,,
1382_cell,,,0.3729449,
1383_cell,0.23983535,,,
1385_cell,,,,0.30583942
1386_cell,0.19819495,,,
1387_cell,,,0.37367976,
1388_cell,0.82843137,,,
1389_cell,0.79670745,,,
1390_cell,0.78241724,,,
1391_cell,0.7884851,,,
1392_cell,0.5928012,,,
1393_cell,0.17023349,0.17023349,0.17023349,0.17023349
1394_cell,,0.14150451,0.14150451,
1395_cell,0.75695306,,,
1396_cell,0.9026266,,,
1397_cell,,0.15459698,0.15459698,
1398_cell,,,0.4349589,
1399_cell,,,0.35006335,
1400_cell,0.32661113,,,
1401_cell,,0.30730212,,
1402_cell,0.7850446,,,
1403_cell,,0.42171365,,
1404_cell,,,0.33989033,
1405_cell,0.7487196,,,
1406_cell,0.32255766,,,
1407_cell,,,0.36168012,
1408_cell,0.63590354,,,
1409_cell,,,0.34142962,
1410_cell,0.78400785,,,
1411_cell,,0.38070345,,
1412_cell,0.111423366,0.111423366,0.111423366,0.111423366
1413_cell,0.8106853,,,
1414_cell,,0.22538613,0.22538613,
1415_cell,,0.3166422,,
1416_cell,0.7367009,,,
1417_cell,0.8497804,,,
1418_cell,,0.15121345,0.15121345,
1419_cell,,0.29451156,0.29451156,
1420_cell,0.34372205,,,
1421_cell,,,0.3745633,
1422_cell,,0.34823108,,
1423_cell,0.85074943,,,
1424_cell,0.80038613,,,
1425_cell,0.8255043,,,
1426_cell,,,0.38777614,
1427_cell,,0.36621734,,
1428_cell,,,,0.3157412
1429_cell,0.86918616,,,
1430_cell,,,0.3852159,
1431_cell,,,0.36262333,
1432_cell,,,0.35552233,
1433_cell,,0.14500791,0.14500791,
1434_cell,,,0.352751,
1435_cell,,0.13180575,0.13180575,
1436_cell,0.794744,,,
1437_cell,0.33486962,,,
1438_cell,0.8106686,,,
1439_cell,,0.4101584,,
1440_cell,,0.24438693,0.24438693,
1441_cell,0.4721887,,,
1442_cell,0.83459175,,,
1443_cell,,,0.34595755,
1444_cell,,0.24539411,0.24539411,
1445_cell,,0.34557998,,
1446_cell,0.5950307,,,
1447_cell,0.07915763,0.07915763,0.07915763,0.07915763
1448_cell,0.836516,,,
1449_cell,,0.32315844,0.32315844,
1450_cell,,0.33719236,0.33719236,
1451_cell,0.27145487,,,
1452_cell,0.4801291,,,
1453_cell,0.6280166,,,
1454_cell,0.86984384,,,
1456_cell,,0.28014064,,
1457_cell,0.18470906,,,
1458_cell,0.8311462,,,
1459_cell,,0.407026,,
1460_cell,0.7097983,,,
1461_cell,0.50635767,,,
1462_cell,,0.24241672,0.24241672,
1463_cell,0.7194706,,,
1464_cell,0.7361454,,,
1465_cell,0.7586461,,,
1466_cell,,0.3458768,,
1467_cell,0.8716248,,,
1468_cell,,0.41544062,,
1469_cell,,,0.30258533,
1470_cell,,0.32018688,,
1471_cell,0.7623053,,,
1472_cell,0.50248545,,,
1473_cell,0.08935524,0.08935524,0.08935524,0.08935524
1474_cell,0.05096265,0.05096265,0.05096265,0.05096265
1475_cell,,,0.33661786,
1476_cell,0.6160412,,,
1477_cell,,0.4039617,,
1478_cell,0.64091176,,,
1479_cell,,,0.3951742,
1480_cell,0.79461044,,,
1481_cell,,,0.3825336,
1482_cell,0.71028024,,,
1483_cell,,,0.37217548,
1484_cell,,,,0.2739485
1485_cell,0.8627367,,,
1486_cell,,0.23428853,0.23428853,
1487_cell,0.67591846,,,
1488_cell,0.5636941,,,
1489_cell,0.8057485,,,
1490_cell,,,0.32990727,
1491_cell,0.72425073,,,
1492_cell,,0.24429281,0.24429281,
1493_cell,,0.43468443,,
1494_cell,0.40464067,,,
1495_cell,,,0.36907926,
1496_cell,,0.36004186,,
1497_cell,0.71853036,,,
1498_cell,,0.2792745,0.2792745,
1499_cell,,,0.34566858,
1500_cell,0.28777492,,,
1502_cell,,0.34991458,,
1503_cell,0.7628788,,,
1504_cell,,,0.37596872,
1505_cell,0.27372035,,,
1506_cell,,,0.39356998,
1507_cell,,,0.3285766,
1508_cell,0.7575508,,,
1509_cell,0.4090612,,,
1510_cell,,,0.3413285,
1511_cell,0.6896729,,,
1512_cell,,0.45636183,,
1513_cell,0.6211773,,,
1514_cell,0.4972243,,,
1515_cell,,0.24226598,,
1516_cell,,,0.35342717,
1517_cell,,0.3276689,,
1518_cell,,,0.39069948,
1519_cell,,0.4347197,,
1520_cell,0.8328464,,,
1521_cell,0.8864293,,,
1522_cell,,0.26996693,0.26996693,
1523_cell,0.7434637,,,
1524_cell,0.76982176,,,
1525_cell,,,0.39237395,
1526_cell,0.04147492,0.04147492,0.04147492,0.04147492
1527_cell,0.31449908,,,
1528_cell,0.79714143,,,
1529_cell,0.83860743,,,
1530_cell,,0.43211603,,
1531_cell,,,0.41577098,
1532_cell,0.71753,,,
1533_cell,0.81988966,,,
1534_cell,,0.26212808,0.26212808,
1535_cell,,0.17279176,0.17279176,
1536_cell,0.057536613,0.057536613,0.057536613,0.057536613
1537_cell,0.8022477,,,
1538_cell,0.58069515,,,
1539_cell,,,,0.2314814
1540_cell,,0.4562431,,
1541_cell,,0.3788939,,
1542_cell,0.7620675,,,
1543_cell,0.79009163,,,
1544_cell,,0.38234714,,
1545_cell,0.35495272,,,
1546_cell,,0.2646748,0.2646748,
1547_cell,,,0.3370123,
1548_cell,,0.12358673,0.12358673,
1549_cell,0.7061741,,,
1550_cell,0.74545914,,,
1551_cell,0.7620204,,,
1552_cell,0.7787527,,,
1553_cell,0.8660694,,,
1554_cell,,0.25781837,,
1555_cell,,,0.3467669,
1556_cell,0.7764613,,,
1557_cell,,0.3114013,,
1558_cell,,0.3519075,,
1559_cell,0.11918017,0.11918017,0.11918017,0.11918017
1560_cell,,,0.34629548,
1561_cell,0.74305207,,,
1562_cell,0.79088175,,,
1563_cell,,,0.41129503,
1564_cell,0.28732294,,,
1565_cell,0.38299066,,,
1566_cell,,0.097750746,0.097750746,
1567_cell,0.7521003,,,
1568_cell,,,0.3758665,
1569_cell,,0.34504846,,
1570_cell,0.74694663,,,
1571_cell,,,0.3945181,
1572_cell,0.85371614,,,
1573_cell,0.7162796,,,
1574_cell,0.80417246,,,
1575_cell,,0.3762536,,
1576_cell,0.35851777,,,
1577_cell,0.82790613,,,
1578_cell,,0.2094584,0.2094584,
1579_cell,0.2149404,,,
1580_cell,0.6546299,,,
1581_cell,0.46739832,,,
1582_cell,,0.1594184,0.1594184,
1583_cell,0.4131731,,,
1584_cell,0.4027201,,,
1585_cell,0.7836711,,,
1586_cell,0.32739568,,,
1587_cell,0.7294821,,,
1588_cell,0.6703422,,,
1589_cell,0.87241757,,,
1590_cell,,,0.37071747,
1591_cell,,,0.3996836,
1592_cell,0.65255386,,,
1593_cell,0.3511872,,,
1594_cell,,0.31221414,,
1596_cell,0.73550427,,,
1597_cell,0.6460434,,,
1598_cell,0.8438606,,,
1599_cell,,0.37265038,,
1600_cell,0.6661133,,,
1601_cell,,0.21197325,0.21197325,
1602_cell,,,0.36209553,
1603_cell,0.106977984,0.106977984,0.106977984,0.106977984
1604_cell,0.14542946,,,
1605_cell,,,0.3579633,
1606_cell,,0.3935796,,
1607_cell,,,,0.26307145
1608_cell,0.76511985,,,
1609_cell,,0.35176092,,
1610_cell,,,0.3659639,
1611_cell,0.863363,,,
1612_cell,,0.3909211,,
1613_cell,,0.33904818,,
1614_cell,0.7163979,,,
1615_cell,0.71906275,,,
1616_cell,,,,0.29782218
1617_cell,,0.37029856,,
1618_cell,,0.3697086,,
1619_cell,0.6319729,,,
1620_cell,0.51797587,,,
1621_cell,0.7971087,,,
1622_cell,0.7625261,,,
1623_cell,0.13967597,,,
1624_cell,0.32700753,,,
1625_cell,,0.3156876,0.3156876,
1626_cell,,0.3928987,,
1627_cell,,,0.36556256,
1628_cell,,0.26687753,0.26687753,
1629_cell,0.8021289,,,
1630_cell,0.28864652,,,
1631_cell,0.90621233,,,
1632_cell,,,0.39712697,
1633_cell,0.8028318,,,
1634_cell,,0.24915496,0.24915496,
1635_cell,0.82409114,,,
1636_cell,0.74827343,,,
1637_cell,0.8147763,,,
1638_cell,0.030860992,0.030860992,0.030860992,0.030860992
1639_cell,,,0.37190863,
1640_cell,0.93249357,,,
1641_cell,,,0.35174993,
1642_cell,,0.2290236,,
1643_cell,0.8976563,,,
1644_cell,,0.32886553,,
1645_cell,,0.3996089,,
1646_cell,,,0.39019084,
1647_cell,,,,0.28527796
1648_cell,,,0.3541642,
1649_cell,,0.41564336,,
1650_cell,0.81779325,,,
1651_cell,,,,0.2781784
1652_cell,0.71543515,,,
1653_cell,0.45036206,,,
1655_cell,,,0.35469374,
1656_cell,,0.2550176,0.2550176,
1657_cell,0.5295575,,,
1658_cell,,0.2985448,,
1659_cell,0.7366756,,,
1660_cell,0.5129906,,,
1661_cell,,0.352568,,
1662_cell,0.7781184,,,
1663_cell,,0.35875958,,
1664_cell,0.37352765,,,
1665_cell,0.44441864,,,
1666_cell,,0.22496046,0.22496046,
1667_cell,,,0.38985428,
1668_cell,0.78828794,,,
1669_cell,0.6188724,,,
1670_cell,,,0.36721298,
1671_cell,,0.39957297,,
1673_cell,0.046842057,0.046842057,0.046842057,0.046842057
1674_cell,0.7022462,,,
1675_cell,0.5880206,,,
1676_cell,0.8053218,,,
1677_cell,0.7741247,,,
1678_cell,0.30457205,,,
1679_cell,0.18704145,,,
1680_cell,0.40904617,,,
1682_cell,,0.3884993,,
1683_cell,0.7639295,,,
1684_cell,,,0.43564212,
1685_cell,0.7079381,,,
1686_cell,0.7624,,,
1688_cell,0.45021093,,,
1689_cell,,,0.4085176,
1690_cell,,,0.37916327,
1691_cell,0.80425227,,,
1692_cell,,0.30695963,0.30695963,
1693_cell,0.41307494,,,
1694_cell,0.78948504,,,
1695_cell,,0.39394185,,
1696_cell,,0.36020333,,
1697_cell,0.24942614,,,
1698_cell,0.75608003,,,
1699_cell,,0.11499302,0.11499302,
1700_cell,0.8034841,,,
1701_cell,,,0.35632956,
1702_cell,0.25869256,,,
1703_cell,0.5873124,,,
1704_cell,,0.23540615,0.23540615,
1705_cell,,0.20945798,0.20945798,
1706_cell,0.8109919,,,
1707_cell,0.32196844,,,
1708_cell,0.81046236,,,
1709_cell,0.747308,,,
1710_cell,0.34408912,,,
1711_cell,,0.34216437,0.34216437,
1712_cell,0.5071945,,,
1713_cell,,,0.36832455,
1714_cell,0.30398098,,,
1715_cell,,0.21503317,0.21503317,
1716_cell,0.6343923,,,
1717_cell,0.76061255,,,
1718_cell,0.6580989,,,
1719_cell,0.3954693,,,
1720_cell,0.83515406,,,
1721_cell,,0.38869247,,
1722_cell,0.6982157,,,
1723_cell,0.70281297,,,
1724_cell,0.48722067,,,
1725_cell,0.36947832,,,
1726_cell,0.30380306,,,
1727_cell,0.65908784,,,
1728_cell,,0.355234,,
1729_cell,0.78163874,,,
1730_cell,,0.30599046,0.30599046,
1731_cell,,0.21751851,0.21751851,
1732_cell,0.7391118,,,
1733_cell,0.77708226,,,
1734_cell,,0.12671143,0.12671143,
1735_cell,0.44130275,,,
1736_cell,,0.18142359,0.18142359,
1737_cell,,0.35585925,,
1738_cell,0.28398493,,,
1739_cell,,0.23492722,0.23492722,
1740_cell,,,0.35073826,
1741_cell,,,0.38064966,
1742_cell,,,0.36110106,
1743_cell,0.7916249,,,
1744_cell,,0.34392205,,
1745_cell,0.3196582,,,
1746_cell,,,0.35448578,
1747_cell,,0.27715105,0.27715105,
1748_cell,,,0.38949168,
1749_cell,0.3941578,,,
1750_cell,,,0.38491833,
1751_cell,,0.44150817,,
1752_cell,0.80782926,,,
1753_cell,,0.2615124,0.2615124,
1754_cell,,0.38613734,,
1755_cell,,0.21499906,0.21499906,
1756_cell,,,0.33439636,
1757_cell,0.61772144,,,
1758_cell,,0.091945104,0.091945104,
1759_cell,0.7114144,,,
1760_cell,0.7536881,,,
1761_cell,,0.21017589,0.21017589,
1762_cell,0.81509334,,,
1763_cell,0.71086067,,,
1764_cell,0.70722,,,
1765_cell,0.6852334,,,
1766_cell,0.67450356,,,
1767_cell,,0.28380817,0.28380817,
1768_cell,0.13347654,0.13347654,0.13347654,0.13347654
1769_cell,,0.32887948,,
1770_cell,,0.40929258,,
1771_cell,0.58789796,,,
1772_cell,0.55624807,,,
1773_cell,0.41208935,,,
1774_cell,0.24772069,,,
1775_cell,0.7901572,,,
1776_cell,0.6557013,,,
1777_cell,0.76244843,,,
1778_cell,,,0.3850465,
1779_cell,,0.27693075,0.27693075,
1780_cell,0.7786104,,,
1781_cell,0.33816496,,,
1782_cell,0.7704762,,,
1783_cell,0.7078684,,,
1784_cell,0.72887385,,,
1785_cell,0.85608876,,,
1786_cell,,0.4048748,,
1787_cell,0.28866765,,,
1788_cell,0.63979155,,,
1789_cell,0.8131064,,,
1790_cell,0.3131923,,,
1791_cell,0.44666168,,,
1792_cell,0.6787499,,,
1793_cell,0.81143874,,,
1794_cell,0.58648276,,,
1795_cell,,0.17922531,0.17922531,
1796_cell,0.8692846,,,
1797_cell,,0.18637007,0.18637007,
1799_cell,,,0.35721147,
1800_cell,0.7192126,,,
1801_cell,0.8505034,,,
1802_cell,0.91601634,,,
1803_cell,0.72620803,,,
1804_cell,0.67419666,,,
1805_cell,,,0.41031677,
1806_cell,,,0.32963324,
1807_cell,,0.35322142,,
1808_cell,,,,0.29541218
1809_cell,,,0.39889973,
1810_cell,,,0.3534881,
1811_cell,0.7204058,,,
1812_cell,0.81867594,,,
1813_cell,0.5613875,,,
1814_cell,0.81176066,,,
1816_cell,,0.38241372,,
1817_cell,0.809859,,,
1818_cell,,0.2817796,0.2817796,
1819_cell,0.78567344,,,
1820_cell,,0.35419473,,
1821_cell,0.7699971,,,
1822_cell,0.7080006,,,
1823_cell,0.7823115,,,
1824_cell,0.85289127,,,
1825_cell,,0.45307738,,
1826_cell,0.72175324,,,
1827_cell,0.019527389,0.019527389,0.019527389,0.019527389
1828_cell,0.80168015,,,
1829_cell,0.186996,,,
1830_cell,,,0.37656334,
1831_cell,,0.313068,,
1832_cell,,,0.36848298,
1833_cell,,0.22212024,0.22212024,
1834_cell,0.4490438,,,
1835_cell,0.04525386,0.04525386,0.04525386,0.04525386
1836_cell,0.828151,,,
1837_cell,0.83210427,,,
1838_cell,0.66907614,,,
1839_cell,0.311734,,,
1840_cell,0.7389768,,,
1841_cell,,0.36069813,,
1842_cell,0.79601777,,,
1843_cell,0.11801865,0.11801865,0.11801865,0.11801865
1844_cell,,0.34124705,,
1845_cell,0.69923156,,,
1846_cell,,,0.37518522,
1847_cell,0.8587212,,,
1848_cell,,0.3375065,,
1849_cell,,0.37044358,,
1850_cell,,,0.3908957,
1851_cell,,0.30806234,,
1852_cell,0.8938583,,,
1853_cell,,,0.37709272,
1854_cell,0.38325536,,,
1855_cell,0.6484531,,,
1856_cell,,,0.35459638,
1857_cell,0.31886256,,,
1858_cell,,,,0.32637587
1859_cell,0.35466313,,,
1860_cell,,0.38230076,,
1861_cell,,0.36676398,,
1862_cell,,0.30425295,0.30425295,
1863_cell,,0.41491252,,
1864_cell,0.43997872,,,
1865_cell,0.80802315,,,
1866_cell,0.7509414,,,
1867_cell,,0.2131083,0.2131083,
1868_cell,0.7907275,,,
1869_cell,0.7746061,,,
1870_cell,,,0.37486905,
1872_cell,,0.27038407,0.27038407,
1873_cell,0.68137175,,,
1874_cell,0.85650074,,,
1875_cell,0.3461652,,,
1876_cell,0.29670042,,,
1877_cell,0.43896273,,,
1878_cell,0.7456168,,,
1879_cell,,0.35256565,,
1880_cell,0.3161389,,,
1881_cell,,0.30375868,,
1882_cell,0.44974402,,,
1883_cell,0.6800972,,,
1884_cell,,0.20707136,0.20707136,
1885_cell,0.10042359,0.10042359,0.10042359,0.10042359
1886_cell,0.81715864,,,
1887_cell,,,0.34968698,
1888_cell,,0.23950824,0.23950824,
1889_cell,0.66291416,,,
1890_cell,0.35124084,,,
1891_cell,0.48376858,,,
1892_cell,,,0.34927127,
1893_cell,,,0.3788536,
1894_cell,0.76582086,,,
1895_cell,0.7550368,,,
1896_cell,0.73028344,,,
1897_cell,0.7828555,,,
1898_cell,,0.39922374,,
1899_cell,0.83544546,,,
1900_cell,0.34737158,,,
1901_cell,0.05022103,0.05022103,0.05022103,0.05022103
1902_cell,0.53035724,,,
1903_cell,,,0.38548306,
1904_cell,0.6956169,,,
1905_cell,,0.18800591,0.18800591,
1906_cell,0.4247363,,,
1907_cell,0.72849315,,,
1908_cell,0.172028,,,
1909_cell,0.8260974,,,
1910_cell,0.46556434,,,
1911_cell,,,0.34906107,
1912_cell,,,0.36626855,
1913_cell,,0.29334477,,
1914_cell,,0.20363262,0.20363262,
1915_cell,0.7646668,,,
1916_cell,0.81808764,,,
1917_cell,,0.4050519,,
1918_cell,,0.34633943,,
1919_cell,,0.28082186,0.28082186,
1920_cell,0.6561597,,,
1921_cell,0.46941006,,,
1922_cell,0.8406246,,,
1923_cell,,0.27596655,0.27596655,
1924_cell,,0.25466543,,
1925_cell,0.48685554,,,
1926_cell,0.685503,,,
1927_cell,,0.29601124,,
1928_cell,,,0.3895371,
1929_cell,,,0.40749592,
1930_cell,,,0.3277735,
1931_cell,,,0.35569608,
1932_cell,0.04949347,0.04949347,0.04949347,0.04949347
1933_cell,,0.39705643,,
1934_cell,,0.18623382,0.18623382,
1935_cell,0.45939314,,,
1936_cell,,0.29107708,,
1937_cell,0.69013083,,,
1938_cell,,0.22474621,0.22474621,
1939_cell,,0.24955383,0.24955383,
1940_cell,,0.34290752,,
1941_cell,0.7067881,,,
1942_cell,0.22125936,,,
1943_cell,,0.25550118,0.25550118,
1944_cell,0.76101136,,,
1945_cell,,,,0.23475523
1946_cell,0.6494649,,,
1947_cell,,,0.3527402,
1948_cell,,,0.3931925,
1949_cell,,0.33822632,,
1950_cell,,0.30084804,,
1951_cell,,0.20574564,0.20574564,
1952_cell,,0.4680778,,
1953_cell,0.061340407,0.061340407,0.061340407,0.061340407
1954_cell,0.23522058,,,
1955_cell,,0.32180578,,
1956_cell,,,0.35359642,
1957_cell,,,0.38993573,
1958_cell,0.41452667,,,
1959_cell,,,0.4164738,
1960_cell,0.1198278,0.1198278,0.1198278,0.1198278
1961_cell,0.8325391,,,
1962_cell,,0.32820886,,
1963_cell,,0.22252844,0.22252844,
1964_cell,0.6930249,,,
1965_cell,0.43620363,,,
1966_cell,,0.387605,,
1967_cell,0.8707127,,,
1968_cell,0.7662545,,,
1969_cell,0.56152374,,,
1970_cell,0.74855125,,,
1971_cell,0.76729697,,,
1972_cell,,,0.3761715,
1973_cell,0.7713481,,,
1974_cell,,,0.36151218,
1975_cell,,,0.3348308,
1976_cell,0.6614741,,,
1977_cell,0.50033134,,,
1978_cell,,0.27305755,0.27305755,
1979_cell,0.39189553,,,
1980_cell,,,0.39959097,
1981_cell,0.49900973,,,
1982_cell,,,0.35774332,
1983_cell,0.7462211,,,
1984_cell,,0.17189762,0.17189762,
1985_cell,0.8142866,,,
1986_cell,,,0.36246955,
1987_cell,0.69543743,,,
1988_cell,,0.23050536,0.23050536,
1989_cell,0.75378716,,,
1990_cell,0.8146275,,,
1991_cell,0.76688313,,,
1992_cell,0.74460953,,,
1993_cell,,,0.34435177,
1994_cell,0.7900125,,,
1995_cell,0.70359784,,,
1996_cell,0.7082393,,,
1997_cell,0.7444558,,,
1998_cell,,0.18418096,0.18418096,
1999_cell,0.72020686,,,
2000_cell,0.70343393,,,
2001_cell,0.3510047,,,
2002_cell,0.8021421,,,
2003_cell,0.1820474,,,
2004_cell,0.99303055,,,
2005_cell,0.25493282,,,
2006_cell,,0.19869725,0.19869725,
2007_cell,0.7921374,,,
2008_cell,0.1006035,0.1006035,0.1006035,0.1006035
2009_cell,,,0.42418393,
2010_cell,,,0.4203624,
2011_cell,,,0.34757698,
2012_cell,0.34459183,,,
2013_cell,,0.37060654,,
2014_cell,0.766101,,,
2015_cell,0.8164813,,,
2016_cell,0.33869714,,,
2017_cell,0.4272112,,,
2018_cell,,,0.38831878,
2019_cell,0.7375888,,,
2020_cell,0.4094888,,,
2021_cell,0.8358578,,,
2022_cell,0.7038784,,,
2023_cell,0.8176559,,,
2024_cell,0.6559863,,,
2026_cell,,,,0.24801639
2027_cell,0.68357134,,,
2028_cell,0.48100322,,,
2029_cell,,,0.35271716,
2030_cell,0.45275062,,,
2031_cell,,,0.39583918,
2032_cell,0.2487627,,,
2033_cell,0.747722,,,
2034_cell,0.7701644,,,
2035_cell,,,0.37325713,
2036_cell,0.48338628,,,
2037_cell,,0.35087994,,
2038_cell,,,0.35682115,
2039_cell,0.564371,,,
2040_cell,,0.2290515,0.2290515,
2041_cell,,0.43861416,,
2042_cell,0.68117535,,,
2043_cell,,,0.3843546,
2044_cell,,,0.4089417,
2045_cell,,0.20908822,0.20908822,
2046_cell,0.7009795,,,
2047_cell,,0.27730426,0.27730426,
2048_cell,,0.23071781,,
2049_cell,0.66289175,,,
2050_cell,0.840472,,,
2052_cell,,,0.3605385,
2053_cell,0.7767333,,,
2054_cell,,0.2847126,,
2055_cell,,0.34281367,,
2056_cell,,0.2457031,0.2457031,
2057_cell,,0.36417094,,
2058_cell,,0.38744307,,
2059_cell,,,0.36045638,
2060_cell,,,0.42288208,
2061_cell,,0.38180727,,
2062_cell,,0.34268153,,
2063_cell,0.7574645,,,
2064_cell,,0.31034046,,
2065_cell,0.3506585,,,
2066_cell,0.77243865,,,
2067_cell,,,0.35950676,
2068_cell,0.6782893,,,
2069_cell,,0.22862816,0.22862816,
2070_cell,,0.34020492,,
2071_cell,,0.41942558,,
2072_cell,,0.30706686,,
2073_cell,0.8645648,,,
2074_cell,0.38948408,,,
2075_cell,0.76761055,,,
2076_cell,,0.22962397,0.22962397,
2077_cell,0.749226,,,
2078_cell,,0.29157385,,
2079_cell,0.51620585,,,
2080_cell,0.81111383,,,
2081_cell,,0.23457292,0.23457292,
2082_cell,,,0.38533032,
2083_cell,0.7614254,,,
2084_cell,0.67648894,,,
2085_cell,,0.38370234,,
2086_cell,,0.23675248,0.23675248,
2087_cell,,,0.35390976,
2088_cell,0.71592706,,,
2089_cell,0.6496888,,,
2090_cell,0.3837762,,,
2091_cell,0.40147617,,,
2092_cell,,0.2203374,0.2203374,
2093_cell,0.6088503,,,
2094_cell,0.7630121,,,
2095_cell,,0.37955105,,
2096_cell,0.02366636,0.02366636,0.02366636,0.02366636
2098_cell,0.35621133,,,
2099_cell,,,0.33337444,
2100_cell,0.7549871,,,
2101_cell,0.39548686,,,
2102_cell,0.6879513,,,
2103_cell,0.07789775,0.07789775,0.07789775,0.07789775
2104_cell,0.53569114,,,
2105_cell,0.70804673,,,
2106_cell,0.80675006,,,
2107_cell,,0.17402002,0.17402002,
2108_cell,0.9106761,,,
2110_cell,0.8115019,,,
2111_cell,,,0.30602583,
2112_cell,,0.368237,,
2113_cell,0.79473484,,,
2114_cell,0.7526639,,,
2115_cell,,,0.36115855,
2116_cell,,,0.36264443,
2117_cell,,0.14121753,0.14121753,
2118_cell,,0.18936484,0.18936484,
2119_cell,,,0.40724203,
2120_cell,0.848688,,,
2121_cell,0.73447055,,,
2122_cell,0.8005701,,,
2123_cell,0.71659034,,,
2124_cell,0.75151676,,,
2125_cell,,0.4195734,,
2126_cell,0.7917888,,,
2127_cell,,0.35821453,,
2128_cell,0.9034799,,,
2129_cell,,0.25340015,0.25340015,
2130_cell,0.70492387,,,
2131_cell,0.5637443,,,
2132_cell,0.46728033,,,
2133_cell,,,0.3344364,
2134_cell,0.73423946,,,
2135_cell,0.778188,,,
2136_cell,,,,0.27259284
2137_cell,,,,0.2746107
2138_cell,,,0.31473666,
2139_cell,,,0.35642555,
2140_cell,0.89073044,,,
2141_cell,0.75285363,,,
2142_cell,0.38194415,,,
2143_cell,,0.34855634,,
2144_cell,,0.34045905,,
2145_cell,,,0.31127423,
2146_cell,0.7476278,,,
2147_cell,0.8004394,,,
2148_cell,,,0.36393285,
2149_cell,0.1204696,0.1204696,0.1204696,0.1204696
2150_cell,0.5478221,,,
2151_cell,0.8183234,,,
2152_cell,,,0.35365412,
2153_cell,,0.38813728,,
2154_cell,0.32675192,,,
2155_cell,0.72833973,,,
2156_cell,0.76090235,,,
2157_cell,0.8105034,,,
2158_cell,0.45592192,,,
2159_cell,0.54056996,,,
2160_cell,0.43776277,,,
2161_cell,,0.16195558,0.16195558,
2162_cell,0.14734524,,,
2163_cell,0.10065672,0.10065672,0.10065672,0.10065672
2164_cell,0.71379006,,,
2165_cell,0.75301987,,,
2166_cell,0.4621905,,,
2167_cell,0.77146715,,,
2168_cell,,,0.33998585,
2169_cell,0.7175916,,,
2170_cell,0.4304999,,,
2171_cell,0.844061,,,
2172_cell,0.12538683,0.12538683,0.12538683,0.12538683
2173_cell,0.769534,,,
2174_cell,,,0.33990937,
2175_cell,,0.39659756,,
2176_cell,,0.26406342,,
2177_cell,,,0.32704926,
2178_cell,0.5109003,,,
2179_cell,,,0.3912602,
2180_cell,,0.2917644,0.2917644,
2181_cell,0.7346936,,,
2182_cell,0.7703572,,,
2183_cell,0.40740642,,,
2184_cell,,0.2560764,0.2560764,
2185_cell,0.7312942,,,
2186_cell,,,0.33870307,
2187_cell,,0.21436647,0.21436647,
2188_cell,,0.2665449,0.2665449,
2189_cell,,0.3588295,,
2190_cell,0.7058516,,,
2191_cell,,,,0.4290004
2192_cell,0.78441876,,,
2193_cell,,0.44365177,,
2194_cell,0.44358623,,,
2195_cell,,0.3686543,,
2196_cell,,0.18326992,0.18326992,
2197_cell,0.050717946,0.050717946,0.050717946,0.050717946
2198_cell,0.28981897,,,
2199_cell,,0.19487517,0.19487517,
2200_cell,,,0.34815466,
2201_cell,0.80674946,,,
2202_cell,,0.42554292,,
2203_cell,0.7686562,,,
2204_cell,,0.2070699,0.2070699,
2205_cell,0.7697952,,,
2206_cell,,0.16221057,0.16221057,
2207_cell,0.8647654,,,
2208_cell,,,0.40147898,
2209_cell,,0.35741904,,
2210_cell,,,0.3527501,
2211_cell,0.8580166,,,
2212_cell,,0.31827727,,
2213_cell,0.28393885,,,
2214_cell,0.5557352,,,
2215_cell,0.6632766,,,
2216_cell,,,0.34892908,
2217_cell,,0.23992082,0.23992082,
2218_cell,,0.22944261,0.22944261,
2219_cell,,0.3272371,0.3272371,
2220_cell,,,0.37835872,
2221_cell,0.13078979,,,
2222_cell,0.6588535,,,
2223_cell,,0.3224808,0.3224808,
2224_cell,,0.3947256,,
2225_cell,,,0.33814532,
2226_cell,,0.21712697,0.21712697,
2227_cell,,,0.3492781,
2228_cell,0.72884756,,,
2229_cell,0.73516494,,,
2230_cell,,,,0.30224544
2231_cell,,,0.35442123,
2232_cell,0.42529383,,,
2233_cell,,,0.38854283,
2234_cell,,,0.4247537,
2235_cell,0.7622787,,,
2236_cell,0.48288643,,,
2237_cell,0.82876,,,
2238_cell,,0.2796571,,
2239_cell,,,,0.26572424
2240_cell,,0.40364462,,
2241_cell,,,0.405747,
2242_cell,0.48365712,,,
2243_cell,,0.3887439,,
2245_cell,,0.16273801,0.16273801,
2246_cell,0.053499784,0.053499784,0.053499784,0.053499784
2247_cell,,0.19967018,0.19967018,
2248_cell,,0.30774355,0.30774355,
2249_cell,0.926922,,,
2250_cell,,0.39406553,,
2251_cell,0.41026106,,,
2252_cell,,,0.33231622,
2253_cell,0.7669778,,,
2254_cell,,,0.33497727,
2255_cell,,0.21300611,0.21300611,
2256_cell,,0.2588895,0.2588895,
2257_cell,,0.333345,,
2258_cell,0.16900112,,,
2259_cell,0.4961341,,,
2260_cell,0.7973177,,,
2261_cell,,0.33151263,,
2262_cell,0.8242407,,,
2263_cell,0.066434465,0.066434465,0.066434465,0.066434465
2264_cell,0.14019145,,,
2265_cell,0.87443835,,,
2266_cell,0.7069825,,,
2267_cell,0.6629978,,,
2268_cell,0.7771841,,,
2269_cell,,,,0.4299992
2270_cell,0.8992612,,,
2271_cell,,0.41923225,,
2272_cell,0.6463982,,,
2273_cell,,0.1387215,0.1387215,
2274_cell,,,0.3827148,
2275_cell,,0.42670107,,
2276_cell,,,0.3279444,
2277_cell,0.8084224,,,
2278_cell,0.70244104,,,
2279_cell,,,0.40861458,
2280_cell,0.39537963,,,
2281_cell,,0.3624954,,
2282_cell,0.6965021,,,
2283_cell,0.46218285,,,
2284_cell,0.5419141,,,
2285_cell,0.6853784,,,
2286_cell,0.69230884,,,
2287_cell,,0.416897,,
2288_cell,0.32866737,,,
2289_cell,0.76554805,,,
2290_cell,,,0.4012396,
2291_cell,,0.43591094,,
2292_cell,0.46596083,,,
2293_cell,0.33878654,,,
2294_cell,0.44669613,,,
2295_cell,0.4767638,,,
2296_cell,,0.19373646,0.19373646,
2297_cell,0.75180393,,,
2298_cell,,,0.38849902,
2299_cell,,0.33212444,,
2300_cell,,0.28582844,,
2301_cell,0.8215478,,,
2302_cell,0.51653486,,,
2303_cell,,,,0.27275234
2304_cell,,,0.3540878,
2305_cell,0.80380195,,,
2306_cell,,0.21698427,0.21698427,
2307_cell,0.46137735,,,
2308_cell,,0.3954794,,
2309_cell,,0.23757234,0.23757234,
2310_cell,0.5866473,,,
2311_cell,,0.39588222,,
2312_cell,0.8804353,,,
2313_cell,,0.16362022,0.16362022,
2314_cell,,0.32887432,,
2315_cell,0.67669225,,,
2316_cell,,,0.3378569,
2317_cell,,,0.3148243,
2318_cell,,,0.3586608,
2319_cell,,,0.3455097,
2320_cell,,0.1503881,0.1503881,
2321_cell,0.74034274,,,
2322_cell,,,0.3876939,
2323_cell,0.34114203,,,
2324_cell,,0.2709154,,
2325_cell,0.50423115,,,
2326_cell,0.46214125,,,
2327_cell,,,0.35290065,
2328_cell,0.75159174,,,
2329_cell,0.7828862,,,
2330_cell,0.7667182,,,
2331_cell,0.7796905,,,
2332_cell,,,0.38818118,
2333_cell,0.7694926,,,
2334_cell,0.43169144,,,
2335_cell,,0.1381085,0.1381085,
2336_cell,,0.20420203,0.20420203,
2337_cell,,0.28237772,,
2338_cell,,0.24451987,0.24451987,
2339_cell,,0.3666626,,
2340_cell,,0.30557555,0.30557555,
2341_cell,,0.2824573,0.2824573,
2342_cell,,,0.34721237,
2343_cell,,0.46946692,,
2344_cell,0.67166966,,,
2345_cell,,0.3878786,,
2346_cell,0.79612285,,,
2347_cell,,,0.42044047,
2349_cell,,,0.3833646,
2351_cell,,0.3070333,,
2352_cell,,,0.40712938,
2353_cell,0.830798,,,
2354_cell,0.78523064,,,
2355_cell,,0.32094648,,
2356_cell,0.7037931,,,
2357_cell,0.8659502,,,
2358_cell,,,0.34193772,
2359_cell,0.70381856,,,
2360_cell,0.72398335,,,
2361_cell,0.40098137,,,
2362_cell,,0.16089919,0.16089919,
2363_cell,0.8148676,,,
2364_cell,,0.20304744,0.20304744,
2365_cell,0.25518504,,,
2366_cell,0.3992156,,,
2367_cell,,,0.34787625,
2368_cell,0.61981916,,,
2369_cell,0.65833414,,,
2370_cell,,0.39503908,,
2371_cell,,0.3221306,0.3221306,
2372_cell,,,,0.42698878
2373_cell,,,0.34742454,
2374_cell,,0.37807363,,
2375_cell,0.6471174,,,
2376_cell,,0.35184592,,
2377_cell,,0.2967991,0.2967991,
2378_cell,0.37506694,,,
2379_cell,0.70299447,,,
2380_cell,,,0.4107302,
2381_cell,0.7448662,,,
2382_cell,,0.20441546,0.20441546,
2383_cell,0.83415246,,,
2384_cell,,,,0.43659365
2385_cell,,,,0.46013144
2386_cell,,0.328342,,
2387_cell,0.80219835,,,
2388_cell,0.027145782,0.027145782,0.027145782,0.027145782
2389_cell,0.48001844,,,
2390_cell,,0.43758038,,
2391_cell,,0.40191686,,
2392_cell,,0.21916702,0.21916702,
2393_cell,0.80838674,,,
2394_cell,,0.21594769,0.21594769,
2395_cell,,0.40795133,,
2396_cell,,0.44658422,,
2397_cell,0.6070935,,,
2398_cell,0.5216288,,,
2399_cell,,,0.35088697,
2400_cell,0.66795594,,,
2401_cell,,0.41682497,,
2402_cell,0.46289048,,,
2403_cell,0.53895444,,,
2404_cell,,0.19543663,0.19543663,
2405_cell,,0.29641855,,
2407_cell,,,0.38658425,
2408_cell,,,,0.34967655
2409_cell,0.87770045,,,
2410_cell,,,0.35645765,
2411_cell,,0.34423766,,
2412_cell,0.23556125,,,
2413_cell,,,,0.3786775
2414_cell,,0.41005263,,
2415_cell,,,0.36656293,
2416_cell,,0.31045055,,
2418_cell,0.37387547,,,
2419_cell,0.7042145,,,
2420_cell,,0.37021428,,
2421_cell,0.3454154,,,
2422_cell,,0.36200112,,
2423_cell,,0.3696588,,
2424_cell,0.52371967,,,
2425_cell,,0.16724841,0.16724841,
2426_cell,0.81236726,,,
2427_cell,,,0.36499932,
2428_cell,0.8144198,,,
2429_cell,0.7290233,,,
2430_cell,,0.24687847,,
2431_cell,,0.1810212,0.1810212,
2432_cell,,0.43293703,,
2433_cell,,0.4064735,,
2434_cell,0.3237076,,,
2435_cell,,,0.422626,
2437_cell,,0.42768177,,
2438_cell,0.4488006,,,
2439_cell,0.8198997,,,
2440_cell,,0.36090702,,
2441_cell,0.7489218,,,
2442_cell,,0.2271345,0.2271345,
2443_cell,0.37497216,,,
2444_cell,,0.30388355,,
2445_cell,,0.15323123,0.15323123,
2446_cell,,0.21147722,0.21147722,
2447_cell,,0.24444842,0.24444842,
2448_cell,,0.3298505,,
2449_cell,0.76060724,,,
2450_cell,0.36588392,,,
2451_cell,,0.253222,0.253222,
2452_cell,0.3108089,,,
2453_cell,0.4578268,,,
2454_cell,,,0.3699151,
2455_cell,0.8211367,,,
2456_cell,0.85065657,,,
2457_cell,0.30238643,,,
2458_cell,0.7187069,,,
2459_cell,,,0.41377932,
2460_cell,,,0.44086638,
2461_cell,,,0.3768469,
2462_cell,0.8140562,,,
2463_cell,,,0.38492233,
2464_cell,0.7623307,,,
2465_cell,0.7928272,,,
2466_cell,0.8462255,,,
2467_cell,,0.37620884,,
2468_cell,0.2985172,,,
2469_cell,0.8336131,,,
2470_cell,,0.37229255,,
2471_cell,0.85781944,,,
2472_cell,,0.33679172,,
2473_cell,,,,0.2687883
2474_cell,,0.16507491,0.16507491,
2477_cell,,,,0.2995465
2478_cell,0.05652861,0.05652861,0.05652861,0.05652861
2479_cell,,0.31875706,0.31875706,
2480_cell,,0.21807888,0.21807888,
2481_cell,,0.20328096,,
2482_cell,0.73332995,,,
2483_cell,0.40549347,,,
2484_cell,,0.45719326,,
2485_cell,,0.23446374,0.23446374,
2486_cell,,0.39122733,,
2487_cell,0.37124667,,,
2488_cell,,0.22545855,0.22545855,
2489_cell,,,0.37590066,
2490_cell,,0.34049475,,
2491_cell,,0.3947896,,
2492_cell,0.73446405,,,
2493_cell,0.3372765,,,
2494_cell,,,0.3679382,
2495_cell,,,0.33452153,
2496_cell,0.7512633,,,
2497_cell,0.9339386,,,
2498_cell,,0.31987417,,
2499_cell,,0.35739642,,
2500_cell,,0.18031633,0.18031633,
2501_cell,,,0.3565279,
2502_cell,0.65862906,,,
2503_cell,,0.13181111,0.13181111,
2504_cell,,0.3284568,,
2505_cell,,0.22428101,0.22428101,
2506_cell,,0.23779792,0.23779792,
2507_cell,,0.2175321,0.2175321,
2508_cell,,0.19714773,0.19714773,
2509_cell,0.5317402,,,
2510_cell,0.77679604,,,
2511_cell,0.2741601,,,
2512_cell,,,0.3849291,
2513_cell,0.38824782,,,
2514_cell,0.2880499,,,
2515_cell,,0.1933173,0.1933173,
2516_cell,0.3323996,,,
2517_cell,,0.17069487,0.17069487,
2518_cell,0.68791795,,,
2519_cell,0.6770352,,,
2520_cell,0.16467707,,,
2521_cell,0.3812844,,,
2523_cell,,,,0.3137399
2524_cell,0.7493808,,,
2525_cell,,,0.37730393,
2526_cell,,0.44960126,,
2527_cell,,0.35029045,,
2528_cell,,0.16768113,0.16768113,
2529_cell,,0.2279298,0.2279298,
2530_cell,,,0.38676584,
2531_cell,0.28926402,,,
2532_cell,,0.4125449,,
2533_cell,,0.19066165,0.19066165,
2534_cell,,0.3918595,,
2535_cell,,0.37848112,,
2536_cell,,0.31707633,,
2537_cell,0.51818746,,,
2538_cell,,,0.41037497,
2539_cell,0.13163592,,,
2540_cell,0.31913042,,,
2541_cell,,0.32281435,,
2542_cell,0.49045527,,,
2543_cell,0.8593414,,,
2544_cell,,,,0.29295743
2545_cell,0.3944725,,,
2546_cell,0.6202229,,,
2547_cell,0.2451227,,,
2548_cell,,,0.39781952,
2549_cell,0.37880003,,,
2550_cell,0.6900166,,,
2551_cell,,,,0.29555523
2552_cell,0.88839656,,,
2553_cell,0.8434781,,,
2554_cell,0.72559667,,,
2555_cell,,,0.37070793,
2556_cell,,0.44296038,,
2557_cell,,0.30539894,0.30539894,
2558_cell,0.8106795,,,
2559_cell,0.7795529,,,
2560_cell,0.44895294,,,
2561_cell,,0.31262255,0.31262255,
2562_cell,0.7085796,,,
2563_cell,0.3374219,,,
2564_cell,,,,0.26046604
2565_cell,0.291465,,,
2566_cell,,0.41572976,,
2567_cell,0.7898003,,,
2568_cell,0.6526866,,,
2569_cell,0.40853468,,,
2570_cell,,0.14987122,0.14987122,
2571_cell,,,,0.2896092
2572_cell,,0.37892526,,
2573_cell,,,0.33230647,
2574_cell,,0.18550566,0.18550566,
2575_cell,,0.42133382,,
2576_cell,,0.35302308,,
2577_cell,0.75552607,,,
2578_cell,,,0.35058555,
2579_cell,,,0.38459793,
2580_cell,,,,0.25097373
2581_cell,0.87431544,,,
2582_cell,0.7709341,,,
2583_cell,0.034815922,0.034815922,0.034815922,0.034815922
2584_cell,,0.4369281,,
2585_cell,,,0.39192483,
2586_cell,0.5219746,,,
2587_cell,,,0.39466152,
2588_cell,,0.2284371,0.2284371,
2589_cell,,,0.40700838,
2590_cell,,,0.4221038,
2591_cell,0.71408033,,,
2592_cell,0.33301732,,,
2593_cell,,0.37824756,,
2594_cell,,0.3632528,,
2595_cell,,,0.37301862,
2596_cell,,0.28160444,0.28160444,
2597_cell,,,0.35979474,
2598_cell,0.4438025,,,
2599_cell,,,0.38154626,
2600_cell,0.08945037,0.08945037,0.08945037,0.08945037
2601_cell,0.7276505,,,
2602_cell,0.44879812,,,
2603_cell,0.38682237,,,
2604_cell,,0.19751707,0.19751707,
2605_cell,,0.24151473,0.24151473,
2606_cell,0.44203088,,,
2607_cell,,0.3732702,,
2608_cell,,0.37407666,,
2609_cell,0.34835392,,,
2610_cell,0.73093665,,,
2611_cell,,,,0.39580685
2612_cell,0.38062438,,,
2613_cell,,0.25744352,,
2614_cell,,0.2773717,0.2773717,
2615_cell,0.6951642,,,
2616_cell,,0.21746998,0.21746998,
2617_cell,,,,0.25425175
2618_cell,,0.20617738,0.20617738,
2619_cell,0.73604184,,,
2621_cell,,0.42207038,,
2622_cell,,0.36508164,,
2623_cell,0.59756285,,,
2624_cell,,0.20910367,0.20910367,
2625_cell,0.45347357,,,
2626_cell,0.7657247,,,
2627_cell,,0.28733748,0.28733748,
2628_cell,,0.4085863,,
2629_cell,,0.47464478,,
2630_cell,0.40759113,,,
2632_cell,,0.2293542,0.2293542,
2633_cell,,0.37915763,,
2634_cell,,,0.37437928,
2635_cell,0.45888782,,,
2636_cell,0.30895248,,,
2637_cell,0.6581833,,,
2638_cell,0.23300147,,,
2639_cell,0.568406,,,
2641_cell,,0.3573242,,
2642_cell,,,0.3651481,
2643_cell,,0.2203776,0.2203776,
2644_cell,0.7864085,,,
2645_cell,0.8768008,,,
2646_cell,,0.36581257,,
2647_cell,0.2865413,,,
2648_cell,0.25828147,,,
2649_cell,0.2998236,,,
2650_cell,,0.19769421,0.19769421,
2651_cell,,0.32099038,0.32099038,
2652_cell,0.7602017,,,
2653_cell,0.5007554,,,
2654_cell,,0.3914425,,
2655_cell,,,0.38827005,
2656_cell,,,0.37301934,
2657_cell,0.29379597,,,
2658_cell,,0.30108294,0.30108294,
2659_cell,0.36667052,,,
2660_cell,,0.37622416,,
2661_cell,,,,0.27495718
2662_cell,,0.2591939,0.2591939,
2663_cell,0.5820131,,,
2664_cell,0.103972316,0.103972316,0.103972316,0.103972316
2665_cell,0.78320026,,,
2666_cell,,,0.34095868,
2667_cell,,0.35989127,,
2668_cell,,0.30130705,,
2669_cell,0.52097714,,,
2670_cell,0.47434086,,,
2671_cell,,0.25024202,0.25024202,
2672_cell,0.39138636,,,
2673_cell,,0.3079192,0.3079192,
2674_cell,0.3725559,,,
2675_cell,,0.19428994,,
2676_cell,0.8189983,,,
2677_cell,,0.31287447,0.31287447,
2678_cell,,,0.39831677,
2679_cell,,0.42166132,,
2680_cell,,0.30861825,0.30861825,
2681_cell,,0.40958652,,
2682_cell,,,0.38769203,
2683_cell,0.6584723,,,
2684_cell,0.8340205,,,
2685_cell,,0.21193257,0.21193257,
2686_cell,,0.4268794,,
2687_cell,,,,0.26985073
2689_cell,,0.31125903,0.31125903,
2690_cell,,0.19007076,0.19007076,
2691_cell,0.5807387,,,
2692_cell,,0.35292026,,
2693_cell,,,0.3676032,
2694_cell,,0.21489169,0.21489169,
2695_cell,,0.2908503,,
2696_cell,,0.23948869,0.23948869,
2697_cell,,,0.32564983,
2698_cell,,0.36793196,,
2699_cell,,0.36751577,,
2700_cell,,0.16366881,0.16366881,
2701_cell,,0.39713663,,
2702_cell,,0.45167762,,
2703_cell,0.45421717,,,
2704_cell,0.7873722,,,
2705_cell,,,0.36939168,
2706_cell,0.39727122,,,
2707_cell,0.26945767,,,
2709_cell,0.48900446,,,
2710_cell,,,0.38970232,
2711_cell,0.80722934,,,
2713_cell,0.38841927,,,
2714_cell,,0.29495388,,
2715_cell,0.7572342,,,
2716_cell,,,0.36076492,
2717_cell,,,0.40036148,
2718_cell,,,,0.43893483
2719_cell,,0.25339344,,
2720_cell,0.22930028,,,
2721_cell,,0.14768222,0.14768222,
2722_cell,,0.24597412,0.24597412,
2723_cell,,0.27961168,,
2724_cell,,0.42599884,,
2725_cell,0.8083385,,,
2726_cell,,,0.39331967,
2727_cell,0.24809848,,,
2728_cell,,0.34516078,,
2729_cell,0.7444916,,,
