Cebpa,Cebpe,Fli1,Gata1,Gata2,Gfi1b,Irf8,Klf1,Mef2c,Pbx1,Sox4,Zfpm1,Time
0.0,0.5648558,0.0,0.5648558,0.0,0.5648558,1.187106,0.9236191,0.0,0.0,0.9236191,0.0,0.3695
0.0,0.0,0.8245517,0.0,0.0,0.0,0.0,0.0,0.0,0.0,0.8245517,0.0,0.2525
1.602262,0.0,0.0,1.092636,0.0,0.0,0.0,0.0,0.0,0.0,0.0,0.0,0.0695
0.0,0.0,0.0,0.0,0.0,0.0,0.0,0.0,0.0,0.0,0.0,0.0,0.20950000000000002
0.0,0.0,0.0,0.0,0.8153935,0.8153935,0.0,0.0,0.0,0.0,2.1471457,0.0,0.1655
0.0,0.0,0.0,0.0,2.1901557,0.0,0.0,0.0,0.0,0.0,0.0,1.6030782,0.1655
0.0,0.0,0.0,0.0,0.0,0.0,1.7553462,0.0,0.0,0.0,0.0,0.0,0.3375
1.3729175,0.90560365,1.3729175,0.0,0.0,0.0,0.90560365,0.90560365,0.0,0.0,0.0,0.0,0.1655
1.5363415,0.0,0.0,0.0,0.0,0.0,0.0,1.5363415,0.0,0.0,0.0,0.0,0.0695
0.0,0.0,0.0,0.0,0.0,0.0,1.6539655,0.0,0.8793043,0.0,0.0,0.0,0.3015
0.0,0.0,0.0,0.0,1.6179433,0.0,0.0,0.0,0.0,0.0,0.0,0.0,0.0695
0.6592705,0.0,0.6592705,0.0,0.0,0.0,2.1361823,0.0,0.0,0.0,0.0,0.6592705,0.385
0.0,0.0,0.0,0.0,0.0,0.0,0.0,0.0,1.5174433,0.0,3.2551634,2.0944657,0.1655
1.1969842,0.0,0.0,0.0,0.0,1.726374,1.1969842,0.0,0.0,0.0,2.070698,0.0,0.20950000000000002
0.9820656,0.0,0.6070351,0.0,0.0,0.0,1.6438227,0.0,0.0,0.0,0.6070351,0.0,0.41700000000000004
0.7288483,0.0,0.0,0.0,0.0,0.0,1.145936,0.0,0.0,0.0,0.0,0.0,0.3555
0.0,0.0,0.0,0.0,0.0,0.3638293,0.8400513,0.8400513,0.3638293,0.0,0.0,0.0,0.41700000000000004
0.0,0.0,0.0,0.0,0.0,0.0,1.7640692,0.0,0.0,0.0,0.0,0.0,0.3695
0.0,0.0,0.41559246,0.0,0.41559246,0.0,1.1187655,0.0,0.0,0.0,0.41559246,0.41559246,0.385
0.0,0.0,0.0,0.0,0.0,0.0,1.1292423,0.0,1.1292423,0.0,1.6460829,0.0,0.2525
0.0,0.0,0.0,1.410948,0.93606204,0.0,0.93606204,0.0,0.0,0.0,0.0,0.0,0.0695
0.0,0.0,0.0,0.0,0.0,0.0,1.8839369,0.0,0.0,0.0,0.74946666,0.0,0.3015
0.85139227,0.0,0.85139227,0.0,0.0,0.0,0.0,0.0,0.0,0.0,0.85139227,0.0,0.20950000000000002
0.9756519,0.0,0.0,0.0,0.0,0.0,0.0,0.0,0.0,0.0,0.0,0.0,0.20950000000000002
0.0,0.0,0.81939656,0.0,1.5701543,0.0,0.0,0.0,0.0,0.0,0.0,0.0,0.1655
0.0,0.0,1.8883387,1.8883387,0.0,0.0,0.0,0.0,0.0,0.0,0.0,0.0,0.0695
0.0,0.68841416,0.0,0.0,0.0,0.0,1.0922966,0.0,0.0,0.0,0.0,0.68841416,0.385
1.2999705,0.0,0.0,0.0,0.0,0.0,1.8466227,0.0,0.0,0.0,1.6101942,0.0,0.385
0.0,0.0,1.2045141,0.0,1.2045141,0.0,1.2045141,0.0,0.0,1.2045141,0.0,0.0,0.2525
1.2130061,0.0,0.0,0.0,0.0,0.0,1.4234556,0.0,0.0,0.0,0.0,0.0,0.41700000000000004
0.0,0.0,0.0,0.0,0.0,0.0,0.77653486,0.0,0.0,0.0,0.77653486,0.0,0.3375
0.0,0.0,0.0,0.0,0.0,0.0,1.3615005,0.0,0.0,0.0,0.0,0.0,0.3015
0.0,0.0,0.0,0.0,0.0,0.0,1.2750101,0.0,0.0,0.0,0.0,0.0,0.3555
0.0,0.0,0.0,0.0,0.0,0.0,2.9227812,0.0,0.0,0.0,0.0,0.0,0.2525
0.0,0.0,0.7016279,0.0,0.0,0.7016279,0.0,0.0,0.0,0.7016279,0.0,1.109904,0.1655
0.0,0.0,0.0,0.0,0.0,0.0,0.0,0.0,0.0,0.0,0.0,0.0,0.1655
0.0,0.0,0.0,0.0,0.0,0.0,1.2506504,0.0,0.0,0.0,0.80928755,0.0,0.385
0.0,0.0,0.59987855,0.0,0.0,0.0,0.59987855,0.0,0.0,0.0,0.59987855,0.0,0.385
0.0,0.0,0.0,0.0,0.0,0.0,0.0,0.0,0.0,0.0,0.0,0.0,0.3015
0.78146774,0.0,0.0,0.0,0.0,0.0,1.9349045,0.0,0.0,0.0,0.0,0.0,0.3555
0.0,0.0,0.0,0.0,0.0,0.0,1.2078949,0.0,0.7762083,0.0,0.0,0.0,0.3695
0.0,0.0,0.0,0.0,0.0,0.0,1.1798158,0.0,0.0,0.0,0.0,0.0,0.2525
0.7928966,0.0,0.7928966,0.0,0.0,0.0,1.6552252,0.47305775,0.0,0.0,0.0,0.47305775,0.41700000000000004
0.0,0.0,0.0,0.988571,0.0,0.0,0.0,0.0,0.0,0.0,0.988571,0.0,0.385
0.8179361,0.0,0.0,0.0,0.8179361,0.0,0.0,0.0,0.0,0.0,0.0,0.0,0.20950000000000002
0.0,0.0,0.0,0.0,0.0,0.0,0.0,0.0,0.0,0.0,0.0,0.0,0.2525
1.0063832,0.0,0.0,0.0,1.0063832,0.0,0.0,0.0,0.0,1.0063832,1.0063832,0.0,0.2525
0.0,0.0,0.7608662,0.0,0.0,0.0,1.4862274,0.0,0.0,0.0,0.0,0.0,0.3695
0.0,0.0,0.0,0.0,0.0,0.0,0.0,0.0,0.0,0.0,1.5333978,0.0,0.1655
1.7448851,0.0,0.0,0.0,0.0,0.0,0.0,0.0,0.0,0.0,0.0,0.0,0.20950000000000002
1.2572596,0.0,0.0,0.0,0.0,0.0,0.98476493,0.0,0.6089996,0.0,0.0,0.0,0.3375
0.0,0.0,0.79874396,0.0,0.0,0.0,1.2370675,0.0,0.79874396,0.0,0.0,0.0,0.41700000000000004
0.0,0.0,0.0,0.0,0.0,0.0,0.0,0.0,0.0,0.0,0.0,0.0,0.3695
0.0,0.0,0.0,0.0,0.0,0.0,1.1336411,0.0,0.0,0.0,0.0,0.0,0.3555
0.0,0.0,0.0,0.0,0.0,0.93947375,0.93947375,0.0,0.0,0.0,0.0,0.93947375,0.3375
0.0,0.0,0.0,0.0,0.0,0.0,0.8400513,0.0,0.0,0.0,0.0,0.0,0.3695
0.0,0.0,0.0,0.0,0.0,0.0,1.1191231,0.0,0.0,0.0,0.0,0.0,0.41700000000000004
0.0,0.0,2.2103872,0.0,1.621292,0.0,0.0,1.621292,0.0,0.0,0.0,0.0,0.0695
0.0,0.5495889,0.0,0.5495889,0.0,0.0,0.0,0.0,0.0,0.0,0.5495889,0.0,0.20950000000000002
0.0,0.0,0.0,0.0,0.0,0.0,1.6386355,0.0,0.0,0.0,0.6041127,0.0,0.3695
0.0,0.0,0.0,0.0,0.0,0.0,1.0196217,0.0,0.0,0.0,0.0,0.0,0.3015
0.0,0.0,1.4157985,0.0,1.979559,0.0,0.0,0.9399633,0.0,0.0,0.0,0.0,0.0695
0.0,0.0,0.0,0.0,0.0,0.0,1.1169807,0.0,0.0,0.0,0.0,0.0,0.3695
1.1854773,2.0562682,0.0,0.0,0.0,1.1854773,1.1854773,0.0,0.0,0.0,1.1854773,0.0,0.2525
0.0,0.0,0.0,0.0,0.0,0.0,0.6151738,0.0,1.266929,0.0,0.0,0.0,0.3555
0.6283382,0.0,0.0,0.0,0.0,0.0,1.1588391,0.36272913,0.0,0.0,0.0,0.0,0.41700000000000004
0.68487686,0.0,0.0,0.0,0.0,0.0,0.0,0.0,0.0,0.0,0.68487686,0.0,0.3375
0.59010935,0.0,0.59010935,0.0,0.59010935,0.0,1.2274619,0.59010935,0.0,0.0,0.59010935,0.0,0.385
1.6196157,0.0,0.0,0.0,0.0,0.0,0.0,1.6196157,0.0,0.0,1.6196157,0.0,0.0695
0.0,0.0,0.0,0.0,0.0,0.0,2.0908542,0.0,0.0,0.0,0.63471156,0.0,0.3555
0.0,0.0,0.60430664,0.0,0.0,0.0,1.63898,0.0,0.60430664,0.0,0.0,0.0,0.41700000000000004
0.0,0.0,0.0,0.0,0.0,0.0,1.4355952,0.0,0.0,0.0,0.0,0.0,0.3015
0.47459012,0.0,0.47459012,0.0,0.0,0.0,1.5356044,0.0,0.0,0.0,0.0,0.0,0.41700000000000004
0.0,0.84451014,0.0,0.508875,1.0953591,0.0,0.0,0.0,0.0,0.0,0.0,0.0,0.0695
0.9641249,0.0,0.0,0.0,0.0,0.0,0.0,0.0,0.0,0.0,2.0135643,0.9641249,0.20950000000000002
0.0,0.0,0.0,0.0,0.0,0.0,0.0,0.0,0.0,0.0,0.0,0.0,0.1655
1.3004711,0.0,0.0,0.0,0.0,0.0,0.0,0.0,0.0,0.0,0.0,0.0,0.41700000000000004
0.0,0.0,0.0,0.0,1.2225038,0.0,0.0,0.0,0.0,0.0,1.2225038,1.2225038,0.1655
2.1107228,0.0,0.0,0.0,0.0,0.0,0.0,0.0,1.5319309,0.0,0.0,0.0,0.1655
0.0,0.0,0.0,0.0,0.0,0.0,0.0,0.0,1.0429568,0.0,0.0,0.0,0.2525
0.0,0.0,0.0,0.0,0.0,0.0,0.0,1.0254964,0.0,0.0,1.5210347,0.0,0.3015
1.2750101,0.0,0.0,0.0,0.0,0.0,0.4975485,0.0,0.0,0.0,0.4975485,0.0,0.3375
1.9107506,0.0,0.0,0.0,0.0,0.0,0.0,0.0,0.0,0.0,0.0,0.0,0.0695
1.0356538,0.0,0.0,0.0,0.0,0.0,0.0,0.64630383,0.0,0.0,0.0,0.0,0.3375
1.0766038,0.0,0.0,0.0,0.0,0.0,0.0,0.0,0.0,0.0,0.0,0.0,0.3555
0.0,0.0,0.0,0.0,0.0,0.0,0.9217361,0.0,0.9217361,0.0,0.9217361,0.0,0.3015
0.0,0.0,0.6896868,0.0,0.0,0.0,0.6896868,0.0,0.0,0.0,0.0,0.0,0.3015
1.2011545,0.0,0.0,0.0,1.7312846,0.0,0.0,0.0,0.0,0.0,0.0,1.2011545,0.20950000000000002
0.92456365,0.0,0.92456365,0.0,0.0,0.0,1.3966248,0.0,0.0,0.0,0.0,0.0,0.3695
0.0,0.0,0.0,0.0,0.0,0.8606204,1.6280401,0.0,0.0,0.0,0.0,0.0,0.3375
0.6613673,0.0,0.0,0.0,0.0,0.0,1.5580938,0.0,0.0,0.0,0.6613673,0.0,0.3555
0.0,0.0,0.0,0.0,0.0,0.78613156,1.5227176,0.0,0.0,0.0,0.0,0.0,0.3555
0.0,0.0,0.0,0.0,0.0,0.0,1.1758085,0.0,0.0,0.0,0.75159585,0.0,0.3015
0.0,0.0,0.0,0.0,0.0,0.0,0.0,0.0,0.0,0.0,0.0,0.0,0.2525
0.0,0.0,0.0,0.0,0.0,1.0655556,0.0,0.0,0.0,0.0,0.0,0.0,0.3015
0.0,0.0,0.0,1.6557297,2.2485301,0.0,0.0,1.6557297,0.0,0.0,0.0,0.0,0.0695
0.0,0.0,0.0,0.0,2.77525,0.0,0.0,0.0,0.0,0.0,0.0,0.0,0.0695
0.8419838,0.0,0.8419838,0.0,0.0,0.0,0.8419838,0.0,0.0,0.0,0.0,0.0,0.3375
0.6912203,0.0,0.0,0.0,0.0,0.6912203,0.6912203,0.0,0.0,0.0,0.0,0.0,0.385
0.0,0.0,0.0,0.0,0.0,0.0,2.3009634,0.0,0.0,0.0,0.0,0.0,0.385
0.5412608,0.0,0.0,0.5412608,0.0,0.0,0.5412608,0.0,0.0,0.0,0.5412608,0.0,0.3695
0.0,0.0,0.84314775,0.0,0.0,0.0,0.84314775,0.0,0.0,0.0,1.293998,0.0,0.2525
0.0,0.0,0.0,0.0,0.0,0.0,1.6510353,0.5318406,0.5318406,0.0,0.0,0.0,0.41700000000000004
1.1512418,0.0,0.0,0.0,0.0,0.0,1.6722689,0.0,0.0,0.0,0.0,0.73287666,0.3695
0.0,0.0,0.0,1.0120931,1.0120931,0.0,0.0,0.0,0.0,0.0,0.0,1.0120931,0.1655
0.0,0.0,0.0,0.0,0.0,0.0,1.0825552,0.0,0.0,0.0,0.0,0.0,0.385
0.0,0.0,0.0,0.0,0.0,0.0,2.2559416,0.0,0.0,0.0,0.0,0.0,0.41700000000000004
0.0,0.0,0.0,0.0,0.0,0.0,0.8742381,0.0,0.0,0.0,0.0,0.0,0.41700000000000004
0.5036135,0.0,0.0,0.0,0.0,0.0,1.452421,0.0,0.5036135,0.0,0.0,0.0,0.3695
1.3245021,0.0,0.8671662,0.0,0.0,0.0,0.0,0.0,0.0,0.0,0.0,1.3245021,0.1655
0.0,0.0,0.0,0.0,0.0,0.0,0.0,0.0,0.0,0.0,0.0,0.0,0.20950000000000002
0.0,0.0,0.0,0.88186085,0.88186085,0.88186085,0.0,0.88186085,0.0,0.0,0.0,0.88186085,0.1655
0.0,0.0,0.0,0.0,0.0,0.0,1.1191231,0.0,0.0,0.0,1.1191231,0.0,0.2525
0.0,0.0,0.0,0.4474147,0.0,0.7554296,1.5993552,0.0,0.7554296,0.0,0.7554296,0.0,0.3695
0.0,0.0,0.0,0.0,0.0,1.6790897,0.0,0.0,0.0,0.0,0.0,0.0,0.20950000000000002
1.1907889,0.0,0.0,0.0,0.0,0.7630639,1.4894179,0.0,0.0,0.0,0.7630639,0.7630639,0.3695
0.6496647,0.0,0.0,0.0,0.0,0.0,1.5389285,0.6496647,0.0,0.0,0.0,0.6496647,0.3555
0.0,0.0,0.0,0.0,0.0,0.0,1.8705678,0.0,0.0,0.0,0.0,0.0,0.20950000000000002
0.0,0.0,0.0,0.0,0.0,0.0,0.0,0.0,0.0,0.0,0.0,0.0,0.2525
0.0,0.0,0.0,0.0,0.0,0.0,1.0661986,0.0,0.0,0.0,0.0,0.0,0.3015
0.0,0.0,0.0,0.0,0.0,0.0,0.0,0.0,0.0,0.0,0.0,0.0,0.41700000000000004
0.0,0.0,0.0,0.0,0.0,0.0,0.0,0.0,0.0,0.0,0.0,0.0,0.1655
0.0,0.74196434,0.0,0.0,0.0,0.74196434,0.0,0.0,0.74196434,0.74196434,0.0,0.0,0.1655
1.0489218,0.0,0.0,0.0,0.0,0.0,0.48130858,0.0,0.0,0.0,0.48130858,0.0,0.3375
0.0,0.0,0.0,0.0,0.0,0.0,1.1616296,0.0,0.0,0.0,0.0,0.0,0.3015
0.99627924,0.0,0.99627924,0.0,0.0,0.99627924,2.0583131,0.0,0.0,0.0,0.99627924,0.0,0.3695
0.0,0.0,0.0,0.0,0.0,0.0,0.0,0.0,0.0,0.0,0.0,0.0,0.1655
0.0,0.0,0.0,0.0,0.0,0.0,0.0,0.0,0.0,0.0,0.0,1.3234589,0.1655
0.0,0.0,1.3723509,0.0,0.0,0.0,1.3723509,0.0,0.0,0.0,0.0,0.0,0.3015
0.0,0.0,0.0,0.0,0.0,0.0,1.3803334,0.0,0.0,0.0,0.0,0.68917716,0.385
0.0,0.0,0.0,0.0,0.0,0.0,0.0,0.0,0.0,0.0,0.0,1.21558,0.20950000000000002
0.0,0.0,0.0,0.0,0.0,0.0,1.0046839,0.0,0.0,0.0,0.0,0.0,0.3555
0.0,0.0,0.0,0.0,0.0,0.0,1.8810169,0.0,0.0,0.0,0.0,0.87131137,0.3375
0.93849623,0.0,0.0,0.0,0.0,0.0,1.413975,0.0,0.0,0.0,0.0,0.0,0.3555
0.0,0.0,0.0,0.0,0.9625756,0.0,0.0,0.0,0.0,0.0,0.0,0.0,0.0695
0.0,1.2053574,0.0,0.0,0.0,0.0,0.0,0.0,0.0,0.0,0.0,0.0,0.1655
0.0,0.0,0.0,0.0,0.0,0.0,1.1782092,0.0,0.0,0.0,0.0,0.0,0.3555
1.0178736,0.0,0.0,0.0,0.0,0.0,0.0,0.0,0.0,0.0,0.0,0.0,0.3375
0.0,0.0,0.0,0.0,0.0,0.0,1.0998161,0.0,0.0,0.0,0.6940502,0.0,0.385
0.0,0.0,0.0,0.0,1.979559,1.4157985,0.0,1.4157985,0.0,0.0,1.4157985,0.0,0.0695
0.0,0.0,0.0,0.0,0.9772468,0.0,0.0,0.0,0.0,0.0,0.0,0.0,0.3015
0.0,0.0,0.0,0.0,0.0,0.0,1.2594284,0.0,0.0,0.0,0.0,0.0,0.385
0.0,0.0,0.0,0.0,0.0,0.0,0.0,0.0,0.0,0.0,0.0,0.0,0.3015
0.7077614,0.0,0.0,0.0,0.0,0.0,0.0,0.0,0.7077614,0.0,1.1180508,0.0,0.20950000000000002
0.0,0.0,0.0,0.0,0.0,0.0,0.0,0.0,0.0,0.0,1.8294499,0.0,0.0695
0.45640564,0.0,1.0061941,0.0,0.45640564,0.0,0.7686168,0.0,0.45640564,0.0,0.0,0.0,0.385
0.5928936,0.0,0.0,0.0,0.0,0.0,1.6186117,0.0,0.5928936,0.9625756,0.0,0.0,0.3555
0.7064185,0.0,0.0,0.7064185,0.0,0.0,0.0,0.0,0.0,0.0,0.0,0.7064185,0.3375
2.2824287,0.0,0.0,1.686441,2.2824287,0.0,0.0,0.0,0.0,0.0,0.0,0.0,0.0695
0.0,0.0,0.0,0.0,0.0,0.0,0.86347127,0.0,0.0,0.0,1.3198223,0.0,0.2525
0.0,0.0,0.0,0.0,0.0,0.0,0.0,0.0,0.0,0.0,0.0,2.0289319,0.1655
0.9675,0.0,0.59645945,0.0,0.0,0.0,0.9675,0.0,0.0,0.0,0.0,0.59645945,0.3695
0.0,0.0,0.0,0.0,0.0,0.0,1.7632091,0.9594933,0.0,0.0,0.0,1.4400121,0.385
0.0,0.0,0.0,0.0,1.3512095,0.0,0.0,0.0,0.0,1.3512095,0.0,0.0,0.0695
0.0,0.0,0.0,0.0,0.0,0.0,0.0,0.0,0.0,0.0,0.0,0.0,0.3015
0.0,0.0,0.0,0.0,0.0,0.8729812,1.8834494,0.0,0.0,0.0,1.3318579,0.0,0.41700000000000004
0.0,0.0,0.0,0.0,0.0,0.0,1.8707674,0.0,0.0,0.0,0.0,0.0,0.3375
0.0,0.0,1.0103728,0.0,0.0,0.0,0.0,0.0,0.0,0.0,0.0,0.0,0.385
1.2730982,0.0,0.0,0.0,0.0,0.0,1.8154441,0.0,0.0,0.0,0.0,1.2730982,0.3375
0.0,0.0,0.0,0.0,0.0,0.0,0.0,0.0,0.0,0.0,1.6901462,0.0,0.1655
0.0,0.0,0.0,0.0,0.0,0.6660767,1.062353,0.0,0.0,0.0,0.0,0.0,0.3375
0.0,0.0,0.0,0.0,0.0,0.0,0.0,0.0,0.0,0.0,0.0,0.0,0.3015
0.42624646,0.0,0.0,0.0,0.0,0.42624646,1.5519121,0.42624646,0.0,0.0,0.0,0.42624646,0.385
0.7285623,0.7285623,0.0,0.0,0.0,0.7285623,0.0,0.0,0.7285623,0.0,0.0,0.0,0.385
0.0,0.0,0.9175293,0.0,1.3878423,0.0,0.0,0.0,0.0,0.0,0.0,0.0,0.0695
0.0,0.0,0.0,0.0,0.0,0.0,2.2465794,0.0,0.0,0.0,0.0,0.0,0.385
0.0,0.0,0.0,0.0,0.0,0.0,2.0552478,0.0,0.0,0.0,0.0,0.0,0.41700000000000004
0.0,0.0,0.0,0.8089314,0.0,0.0,0.8089314,0.0,0.0,0.0,0.0,0.8089314,0.3375
0.0,0.0,0.0,0.0,0.0,0.0,1.1307044,0.0,1.1307044,0.0,1.1307044,0.0,0.3555
0.0,0.0,0.0,0.0,0.0,0.0,1.1928461,0.0,0.0,0.0,0.0,0.0,0.3015
1.1234354,0.0,0.0,0.0,0.0,1.1234354,0.0,1.1234354,1.1234354,0.0,1.1234354,0.0,0.0695
0.0,0.0,0.0,0.0,1.3768992,0.0,0.0,0.0,0.0,0.0,1.9351656,0.9087817,0.1655
0.0,0.0,1.1734186,0.0,1.6985568,0.0,0.0,0.0,0.0,0.0,1.1734186,0.0,0.0695
0.81467015,0.0,0.0,0.0,0.0,0.0,2.2170053,0.0,0.4880985,0.0,0.4880985,0.0,0.3555
0.894004,0.0,0.0,0.0,0.0,0.0,0.0,0.0,0.0,0.0,0.0,0.0,0.41700000000000004
0.0,0.0,0.0,0.0,0.0,0.0,0.0,0.0,0.0,0.0,0.0,1.1380782,0.20950000000000002
0.0,0.0,0.0,0.0,0.0,0.0,1.4826009,0.0,0.0,0.0,0.0,0.5193158,0.385
0.0,0.0,0.0,0.0,0.0,0.0,1.8132282,0.0,0.0,0.0,0.0,0.0,0.3695
0.0,0.0,0.79051495,0.0,0.0,0.0,0.0,0.79051495,0.0,0.0,0.0,0.0,0.3555
0.0,0.0,0.0,0.0,0.0,0.0,0.0,0.0,0.0,0.0,0.0,0.0,0.1655
1.2303995,1.2303995,0.0,0.0,0.0,0.0,0.0,0.0,0.0,0.0,0.0,0.0,0.20950000000000002
0.0,0.0,0.0,0.0,0.0,0.0,0.0,0.0,0.0,0.0,0.0,0.0,0.3015
1.150861,0.0,0.0,0.0,1.6718166,0.0,0.0,1.150861,0.0,0.0,0.0,0.0,0.0695
0.0,0.0,0.93315876,0.0,0.0,0.0,1.4073353,0.0,0.0,0.0,0.0,0.0,0.3695
0.0,0.0,0.0,0.0,0.0,0.0,0.0,0.0,0.0,0.0,1.1448061,0.0,0.1655
0.0,0.0,0.0,0.0,0.0,0.0,1.6297379,0.0,0.0,0.0,0.0,0.0,0.20950000000000002
0.88143367,0.0,0.0,0.0,0.0,0.0,1.6569083,1.3425298,0.0,0.0,0.0,0.88143367,0.41700000000000004
0.49599078,0.0,0.0,0.0,0.0,0.0,1.2721447,0.0,0.0,0.0,0.0,0.0,0.3015
0.0,0.0,0.0,0.0,0.0,0.0,0.0,0.0,0.0,0.0,0.0,0.0,0.1655
0.0,0.80117816,0.0,0.0,0.0,0.0,0.80117816,0.0,0.0,0.0,0.80117816,0.0,0.3555
0.0,0.0,0.0,0.0,0.0,0.0,0.0,0.0,0.0,0.0,0.0,0.0,0.3375
0.0,0.0,0.7599284,0.0,0.0,0.7599284,0.7599284,0.0,0.7599284,0.0,0.0,0.0,0.3015
2.09769,1.5203148,0.0,0.0,0.0,0.0,0.0,0.0,0.0,0.0,1.5203148,0.0,0.1655
0.87131137,0.0,0.0,0.0,0.0,1.6428977,0.0,0.0,0.87131137,0.0,0.0,0.0,0.1655
0.91060853,0.0,0.0,0.0,0.0,0.0,0.91060853,0.0,0.0,0.0,0.55556035,0.0,0.3695
0.0,1.0018653,0.0,0.0,0.0,0.0,0.0,1.4921653,0.0,0.0,1.4921653,1.8197103,0.0695
0.0,0.0,0.0,0.0,1.0024276,0.0,1.0024276,1.4928541,0.0,0.0,0.0,0.0,0.20950000000000002
0.0,0.0,0.0,0.7837924,0.0,0.7837924,0.0,0.0,0.0,0.0,1.2177342,1.5193563,0.1655
0.0,0.0,0.0,0.0,0.0,0.0,1.2913636,0.0,0.0,0.0,0.0,0.0,0.41700000000000004
0.0,0.0,0.0,0.0,1.8982159,0.0,0.0,0.0,0.0,1.061715,1.061715,1.061715,0.1655
0.0,0.0,0.0,0.0,0.0,0.66536593,1.3443276,0.66536593,0.0,0.0,0.0,0.0,0.41700000000000004
1.0950179,0.0,0.0,0.0,0.0,0.0,0.69045264,0.0,0.0,0.0,0.69045264,0.0,0.3555
0.0,0.0,0.6107789,0.0,0.0,0.0,1.2600497,0.0,0.0,0.0,0.0,0.0,0.3375
0.75343096,0.0,0.0,0.75343096,0.0,0.0,1.4754099,0.0,0.0,0.0,0.0,0.0,0.385
0.0,0.0,0.0,0.0,0.0,0.0,0.0,1.3329164,0.0,0.0,0.0,0.0,0.1655
0.0,0.0,0.0,0.0,0.0,0.0,0.0,0.0,0.0,1.292021,0.0,1.8374133,0.1655
1.2543296,0.0,0.0,0.0,0.0,0.0,1.2543296,0.0,0.0,0.0,0.0,0.0,0.3555
0.0,0.0,0.0,0.0,1.170249,1.170249,0.0,0.0,0.0,0.0,1.170249,0.0,0.1655
0.0,0.0,0.0,0.0,0.0,0.0,1.1766076,0.0,0.0,0.0,0.0,0.0,0.3695
0.0,0.0,0.0,0.0,1.5634551,0.0,0.0,0.0,0.0,0.0,0.0,0.0,0.2525
0.0,0.0,0.0,0.0,0.0,1.1678841,0.0,0.0,0.0,0.0,1.1678841,0.0,0.20950000000000002
0.0,0.0,0.0,0.0,1.7312846,1.7312846,0.0,0.0,0.0,1.2011545,0.0,0.0,0.0695
1.906968,0.0,0.0,0.0,2.2616553,0.0,0.0,0.0,0.0,0.0,0.0,0.0,0.0695
1.0341464,0.64519155,0.0,0.0,0.0,0.0,0.64519155,0.0,0.0,0.0,0.0,0.0,0.3375
0.0,0.0,1.5210347,0.0,0.0,0.0,0.0,0.0,0.0,0.0,0.0,0.0,0.3695
0.7088394,0.0,0.0,0.0,0.0,0.0,1.1194811,0.0,0.7088394,0.0,0.0,0.0,0.385
0.0,0.0,0.0,0.0,0.0,0.93171436,0.93171436,0.0,0.0,0.0,0.0,0.0,0.41700000000000004
0.0,0.0,0.0,0.0,0.0,0.0,2.1520355,0.0,0.0,0.0,0.0,0.0,0.3375
0.0,0.0,0.0,0.0,0.0,0.0,0.0,0.0,0.0,0.0,0.0,0.0,0.2525
0.0,0.0,0.0,0.0,0.0,0.0,1.5422697,0.0,0.0,0.0,0.0,0.0,0.3695
1.3523036,0.0,0.0,0.0,2.2616553,1.3523036,0.0,0.0,0.0,0.0,0.0,0.0,0.0695
0.0,0.0,0.0,0.0,0.0,0.0,0.0,0.0,0.0,0.0,0.0,0.0,0.20950000000000002
0.0,0.0,0.0,0.0,0.0,0.0,0.0,0.0,0.0,0.0,0.0,0.0,0.3555
0.8729812,0.0,0.8729812,0.8729812,0.0,0.8729812,0.0,0.0,0.0,0.0,0.0,0.0,0.20950000000000002
0.0,0.0,0.0,0.0,0.0,0.0,0.0,0.0,0.0,0.0,0.0,0.0,0.41700000000000004
0.9554163,0.0,0.0,0.0,0.0,0.0,0.9554163,0.0,0.0,0.0,0.0,0.0,0.3015
0.0,0.0,0.0,0.0,1.4921653,0.0,0.0,0.0,0.0,0.0,1.4921653,0.0,0.1655
1.5203148,0.0,1.2185982,0.0,0.0,0.0,0.7844592,0.7844592,0.0,0.0,0.7844592,0.0,0.3375
0.0,0.0,0.0,0.0,0.0,0.0,0.934608,0.0,0.0,0.934608,0.0,0.0,0.3015
0.60333824,0.0,0.0,0.0,0.0,0.0,0.60333824,0.0,0.0,0.0,0.60333824,0.0,0.3375
0.0,0.0,0.0,0.0,0.0,0.0,0.0,0.0,0.0,0.0,0.0,0.0,0.0695
0.0,0.0,0.0,0.0,0.0,0.0,0.0,0.0,0.0,0.0,1.6246576,2.5824902,0.2525
0.0,0.0,0.51494765,0.0,0.0,0.0,0.85318124,0.0,0.0,0.0,0.51494765,0.51494765,0.3555
0.0,0.0,0.0,0.0,0.0,0.0,0.0,0.0,0.0,0.0,0.0,0.0,0.3015
0.0,0.0,0.0,0.0,0.0,0.0,1.5482526,0.0,0.0,0.0,1.2438172,0.0,0.385
1.979559,0.0,0.0,0.0,0.0,1.4157985,1.4157985,0.0,0.0,0.0,0.0,0.0,0.1655
0.9724788,0.0,0.0,0.9724788,0.0,0.0,0.0,0.0,0.0,0.0,0.0,0.0,0.3015
0.0,0.0,0.0,0.0,1.0825552,0.0,0.0,0.0,0.0,0.0,0.0,0.0,0.0695
0.6823732,0.0,0.0,0.0,0.0,0.0,0.0,0.0,0.0,0.0,0.0,0.0,0.3555
0.0,0.0,0.0,0.5725601,0.0,0.0,0.93436617,0.0,0.0,0.0,0.0,0.0,0.3695
0.0,0.0,0.0,0.0,0.0,0.0,1.1616296,0.0,0.0,0.0,0.0,0.0,0.385
0.0,0.0,0.8717282,0.0,0.0,0.0,0.8717282,0.0,0.0,0.0,0.8717282,0.0,0.3555
0.0,0.0,0.0,0.0,0.0,0.7983975,0.0,0.0,0.0,0.0,0.0,0.0,0.2525
0.0,0.0,0.0,0.0,0.0,0.0,1.0083737,0.0,0.62624305,0.0,0.0,0.0,0.3555
0.0,0.0,0.0,0.0,0.0,0.0,1.4894179,0.0,0.0,0.0,0.0,0.0,0.3555
0.0,0.0,0.0,0.0,0.0,0.0,1.3104048,0.0,0.6431993,0.0,0.6431993,0.0,0.3375
0.0,0.0,0.6394709,0.0,0.0,0.6394709,1.3046592,0.0,0.6394709,0.0,0.0,0.0,0.41700000000000004
0.0,0.0,1.1798158,0.0,0.0,0.0,1.1798158,0.0,0.0,0.0,0.0,1.1798158,0.41700000000000004
1.0625659,0.48935407,0.0,0.48935407,0.48935407,0.0,0.48935407,0.0,0.48935407,0.0,0.8164812,0.0,0.20950000000000002
0.0,0.0,0.64056283,0.0,0.0,0.0,1.702517,0.64056283,0.0,0.0,0.0,0.0,0.385
1.8802078,0.0,0.0,0.0,1.047888,0.0,0.0,0.0,0.0,0.0,1.047888,0.0,0.0695
0.4720027,0.0,0.4720027,0.0,0.0,0.0,1.2275351,0.0,0.4720027,0.0,0.0,0.4720027,0.385
0.0,0.0,0.0,0.0,0.4251089,0.0,0.0,0.0,0.0,0.0,0.4251089,0.0,0.385
0.0,0.0,0.97195214,0.0,0.0,0.0,0.0,0.0,0.0,0.97195214,1.4554001,1.4554001,0.1655
0.48585492,0.0,0.0,0.0,0.0,0.0,1.2534075,0.0,0.48585492,0.0,0.48585492,0.0,0.3375
0.0,0.0,0.0,0.0,0.0,0.0,1.9581566,0.0,0.70030916,0.0,0.0,0.0,0.20950000000000002
0.0,0.0,0.0,0.0,0.0,0.0,1.5930277,0.57870317,0.0,0.0,0.0,0.94291216,0.3375
0.0,0.0,0.0,0.0,0.0,0.0,2.038901,0.0,0.0,0.0,0.84862524,0.0,0.41700000000000004
0.0,0.0,0.0,0.0,0.0,0.0,1.1391934,0.0,0.0,0.0,0.0,0.0,0.3555
0.48449418,0.0,0.0,0.0,0.0,0.0,1.5560629,0.0,0.0,0.0,0.0,0.0,0.41700000000000004
0.8346899,0.0,0.0,0.0,1.2832087,0.0,0.0,0.0,0.0,0.0,1.8271906,1.2832087,0.2525
0.72514886,0.0,0.0,0.0,0.0,0.0,1.1410576,0.0,1.1410576,0.0,0.0,0.0,0.2525
0.0,0.0,0.0,0.0,1.1879222,0.0,0.0,0.0,0.0,0.0,1.1879222,0.0,0.0695
0.0,0.0,0.0,0.0,0.0,0.0,1.5527761,1.5527761,0.0,0.0,0.0,0.0,0.41700000000000004
0.6101846,0.6101846,0.0,0.0,0.0,0.0,1.2591181,0.0,0.0,0.0,0.6101846,0.6101846,0.385
0.7288483,0.0,0.7288483,0.0,0.0,0.0,1.145936,0.0,0.0,0.0,0.0,0.0,0.3695
0.0,0.0,0.0,0.0,0.0,0.59949666,0.0,0.0,0.0,0.0,0.971689,0.0,0.2525
0.62939125,0.0,0.0,0.0,0.0,0.62939125,0.62939125,0.0,0.0,0.0,0.0,0.0,0.3695
0.0,0.0,0.0,0.0,0.0,0.0,0.0,0.0,0.0,0.0,0.0,0.6786533,0.3015
0.0,0.0,0.0,0.0,0.0,0.0,1.3400222,0.0,0.0,0.0,1.0575886,0.0,0.3695
0.6379485,0.0,0.0,0.0,0.0,0.0,0.6379485,0.0,0.0,0.0,0.6379485,0.0,0.3375
0.88314515,0.0,0.0,0.0,0.536053,0.0,0.536053,0.0,0.0,0.0,0.0,0.536053,0.3375
1.07235,0.0,0.0,0.0,0.0,0.0,2.044829,0.0,0.0,0.0,0.0,0.0,0.41700000000000004
0.5658707,0.0,0.5658707,0.0,0.0,0.0,1.7166555,0.0,0.0,0.0,0.0,0.0,0.41700000000000004
0.0,0.0,0.0,0.0,0.0,0.0,0.0,0.0,0.9046999,0.0,0.9046999,0.0,0.1655
0.0,0.0,1.4019564,0.0,1.4019564,0.0,0.9288399,0.0,0.9288399,0.0,0.0,0.0,0.1655
1.5430145,0.0,0.0,0.0,0.0,0.0,0.0,0.0,0.0,0.0,0.0,1.0435704,0.3015
0.0,0.0,0.0,0.0,0.58900315,0.0,0.0,0.0,0.0,0.0,0.0,0.0,0.20950000000000002
0.9703757,0.0,0.0,0.0,0.0,0.0,0.0,0.0,0.0,0.0,1.4534556,0.0,0.3015
0.0,0.0,0.0,0.0,0.0,0.0,1.2036723,0.0,0.0,0.0,1.2036723,0.0,0.20950000000000002
0.7151056,0.0,0.0,0.0,0.0,0.0,0.7151056,0.0,0.0,0.0,0.0,0.0,0.3555
0.0,0.0,0.0,0.0,0.0,0.0,1.7219839,0.0,0.0,0.0,0.0,0.0,0.3375
0.0,0.0,0.88314515,0.0,0.0,0.0,2.5134904,0.0,0.0,0.0,1.3446878,0.0,0.2525
0.0,0.0,0.0,0.0,0.0,0.0,0.5955168,0.0,0.0,0.0,0.5955168,0.0,0.3555
1.04051,0.0,0.0,0.0,0.0,0.0,2.1189797,0.0,0.0,0.0,0.0,0.0,0.3015
0.0,0.0,0.0,0.0,0.0,0.0,0.9820656,0.0,0.6070351,0.0,0.6070351,0.0,0.3015
0.0,0.0,1.5319309,0.0,0.0,0.0,0.0,0.0,0.0,0.0,0.0,0.0,0.3375
0.0,0.0,0.0,0.0,1.24882,0.0,0.0,0.0,0.0,0.0,0.0,0.0,0.2525
0.0,0.0,0.0,0.0,0.0,0.0,0.9625756,0.9625756,0.0,0.0,0.0,0.0,0.3555
1.707071,0.0,0.0,0.0,2.30514,0.0,0.0,0.0,0.0,0.0,0.0,0.0,0.0695
0.0,0.0,0.0,0.0,0.0,0.0,0.64253813,0.0,0.0,0.0,0.0,0.0,0.3015
0.0,0.0,0.57870317,0.57870317,0.0,0.57870317,1.740877,0.0,0.0,0.0,0.57870317,0.0,0.385
1.0178736,0.6332125,0.6332125,0.3659104,0.6332125,0.0,0.3659104,0.3659104,0.0,0.0,1.1659999,0.3659104,0.2525
0.5621675,0.0,0.0,0.0,0.5621675,0.0,1.9510071,0.0,0.0,0.0,0.5621675,0.0,0.3695
0.0,0.94687515,0.0,0.0,0.0,0.0,0.0,0.0,0.0,0.0,0.0,0.0,0.3695
0.0,0.0,0.0,0.0,0.0,0.81071556,0.0,0.0,0.0,0.0,0.0,0.0,0.385
1.0376208,0.0,0.0,0.0,0.0,0.0,1.0376208,0.37543425,0.0,0.0,0.37543425,0.0,0.3375
0.0,0.0,0.0,0.0,1.6652167,0.88745475,0.0,0.0,0.0,0.0,0.0,1.6652167,0.1655
0.8600121,0.0,0.0,0.0,0.0,0.0,1.3154368,0.0,0.0,0.0,0.51974255,0.0,0.3695
0.0,0.0,0.6730303,0.0,1.0716988,0.0,0.0,0.6730303,1.5770538,0.0,1.0716988,0.0,0.1655
0.7428563,0.0,0.0,0.0,0.0,0.0,1.6878281,0.0,0.7428563,0.0,0.0,0.0,0.3555
0.6357867,1.0213765,0.0,0.0,0.6357867,0.0,0.0,0.6357867,0.0,0.0,0.0,1.0213765,0.2525
0.80433095,0.0,0.0,0.0,0.0,0.0,1.2442702,0.80433095,0.0,0.0,0.80433095,0.0,0.385
1.3644739,0.0,0.0,0.0,0.0,0.0,1.3644739,0.0,0.0,0.0,0.0,1.3644739,0.20950000000000002
0.8064473,0.0,0.0,0.8064473,0.0,0.0,1.2469956,0.0,0.0,0.0,0.8064473,0.0,0.3695
1.3276433,0.8696483,0.8696483,0.8696483,1.6405904,1.3276433,0.0,0.0,0.0,0.0,0.8696483,1.6405904,0.1655
0.0,0.0,1.8477821,0.0,0.0,0.0,0.0,0.0,0.0,0.0,1.8477821,0.0,0.20950000000000002
1.5619187,1.0591714,0.0,0.0,2.3437178,0.0,0.0,1.0591714,0.0,0.0,0.0,0.0,0.0695
0.0,0.0,0.0,0.0,0.0,0.0,1.7946641,0.0,0.0,0.0,0.0,0.0,0.385
0.6086057,0.0,0.0,0.6086057,0.0,0.0,0.0,0.0,0.0,0.0,0.0,0.9842237,0.2525
0.0,0.0,0.0,0.0,0.0,0.7586818,1.712326,0.7586818,0.0,0.0,0.7586818,0.0,0.385
1.5122122,0.0,0.0,0.0,0.0,0.7788287,1.5122122,0.7788287,0.0,0.0,0.0,0.0,0.3695
1.2062019,0.0,0.0,0.0,0.0,0.0,1.5065539,0.774905,0.0,0.0,1.2062019,0.774905,0.3375
0.0,0.0,0.7203698,0.0,0.0,0.0,0.7203698,0.0,0.0,0.0,0.0,0.0,0.3555
0.0,0.0,0.0,0.0,1.3700895,0.0,0.0,0.0,0.0,0.0,0.90334797,0.90334797,0.0695
0.76024073,0.0,0.0,0.0,0.0,0.0,0.0,0.0,0.0,0.0,0.0,0.76024073,0.2525
0.0,0.0,0.0,0.0,0.51244557,0.0,2.200821,0.0,0.0,0.0,0.0,0.0,0.3695
1.5427661,0.80013305,0.0,0.0,0.0,0.0,0.80013305,0.0,0.0,0.0,1.2388593,0.80013305,0.2525
0.0,0.0,0.0,0.0,0.0,0.0,0.0,0.0,0.0,0.0,0.0,0.7908542,0.2525
0.0,0.55539715,0.0,0.0,0.0,0.0,0.55539715,0.0,0.0,0.0,0.0,0.0,0.2525
0.43008342,0.0,0.0,0.0,0.0,0.0,1.6675344,0.0,0.0,0.0,0.43008342,0.0,0.41700000000000004
0.0,0.0,0.0,0.0,0.0,0.0,1.3523036,0.0,0.0,0.0,1.3523036,0.0,0.20950000000000002
1.4444609,0.0,0.0,0.0,0.0,0.0,1.8561848,0.0,0.0,0.0,0.0,0.0,0.385
0.0,0.0,0.0,0.0,0.0,0.68487686,1.5961725,0.0,0.0,0.0,0.68487686,0.68487686,0.3695
0.0,0.0,0.0,0.0,0.0,0.0,1.0204008,0.46463647,0.0,0.0,0.780641,0.0,0.41700000000000004
0.0,0.0,0.0,0.0,0.0,0.0,0.61276853,0.0,0.0,0.0,0.0,0.0,0.2525
0.0,0.0,0.0,0.0,0.0,0.0,1.4280963,0.0,0.0,0.0,0.0,0.9498709,0.3695
0.0,0.0,0.0,0.0,0.0,0.0,0.0,0.76622665,0.0,0.0,0.0,0.0,0.3375
0.0,0.0,0.0,0.0,0.0,0.0,2.0856664,0.0,0.0,0.0,0.0,0.0,0.3015
0.9295567,0.0,0.0,0.0,0.0,0.0,0.0,0.0,0.56910944,0.0,0.56910944,1.4028496,0.20950000000000002
1.4495847,0.0,0.0,0.0,0.0,0.0,2.214121,0.0,0.0,0.0,0.0,0.0,0.385
0.95263493,0.0,0.0,0.0,0.0,0.0,0.58571,0.0,0.0,0.0,0.0,0.58571,0.3015
1.8249384,0.0,1.281269,0.0,2.175163,0.0,0.0,1.281269,0.0,0.0,0.0,0.0,0.0695
0.96593904,0.0,0.0,0.0,0.0,0.0,1.447979,0.0,0.0,0.0,0.0,0.5953286,0.3555
1.2074713,0.0,0.46137512,0.2570632,0.2570632,0.2570632,0.9024492,0.46137512,0.0,0.0,0.77588207,0.46137512,0.385
0.0,0.0,0.0,0.0,0.0,0.0,0.93898475,0.0,0.0,0.0,0.0,0.0,0.3015
1.5933496,0.0,0.0,0.0,0.0,0.0,0.0,0.0,0.0,0.0,0.0,0.0,0.3375
1.6504508,0.0,0.0,0.0,0.0,0.0,0.0,0.0,0.0,0.0,0.0,0.0,0.2525
0.0,0.0,0.0,0.0,0.0,0.0,1.131437,0.0,0.0,0.0,0.7178662,0.0,0.3015
0.8539789,0.0,0.51550704,0.0,0.0,0.8539789,1.7442155,0.0,0.0,0.0,0.0,0.0,0.3555
0.0,0.0,0.51691103,0.0,0.0,0.0,1.7470896,0.0,0.0,0.0,0.85598,0.0,0.2525
0.0,0.0,0.0,0.7531244,0.0,0.0,1.1778084,0.0,0.0,0.0,0.0,0.0,0.3695
0.0,1.0184556,0.0,0.0,0.0,1.0184556,1.512449,0.0,0.0,0.0,0.0,0.0,0.3015
0.0,0.0,0.0,0.0,0.0,0.0,0.0,0.0,0.0,0.0,0.0,0.0,0.3015
0.0,0.0,0.0,0.0,0.0,0.0,0.0,0.0,0.0,0.0,0.0,0.0,0.3695
0.0,0.0,0.0,0.0,3.1597183,0.0,0.0,1.5603862,0.0,1.0579047,1.5603862,0.0,0.1655
0.80170184,0.0,0.0,0.0,0.0,0.0,1.4044605,0.0,0.479128,0.0,1.0452106,0.0,0.41700000000000004
0.0,0.0,0.0,0.0,0.0,0.0,1.5558095,0.0,0.0,0.0,1.5558095,0.0,0.2525
0.69925785,0.0,0.0,0.0,0.0,0.0,0.0,1.1067516,0.0,0.0,0.69925785,1.1067516,0.0695
0.54242355,0.0,0.0,0.0,0.0,0.0,1.6015949,0.0,0.0,0.0,0.0,0.0,0.41700000000000004
1.5373259,0.0,0.0,0.0,1.5373259,0.0,0.0,0.0,0.0,0.79632527,0.0,0.0,0.0695
1.3978056,0.0,0.0,1.3978056,0.0,0.9255103,0.0,1.3978056,0.0,0.9255103,0.9255103,0.0,0.0695
0.0,0.0,0.0,0.0,0.0,0.0,1.3090478,0.0,0.0,0.0,0.0,0.0,0.3375
0.53050095,0.0,0.53050095,0.0,0.0,0.0,1.3347733,0.53050095,0.0,0.0,0.53050095,0.8752884,0.41700000000000004
0.0,0.0,0.0,0.0,0.0,0.0,1.6617624,0.0,0.0,0.0,0.0,0.0,0.3555
0.0,0.0,0.0,0.0,0.0,0.0,0.0,0.0,0.0,0.0,0.0,0.0,0.20950000000000002
0.9853067,0.0,0.0,0.0,0.0,0.0,1.2578784,0.0,0.0,0.0,0.0,0.0,0.41700000000000004
1.4412799,0.0,0.0,0.0,0.0,0.0,0.96051836,0.0,0.0,0.0,0.96051836,0.0,0.3015
0.6323592,0.0,1.5103205,0.0,0.0,0.6323592,1.8393223,0.0,0.6323592,0.0,1.0167118,0.6323592,0.41700000000000004
0.0,0.0,0.5626696,0.0,0.0,0.0,0.32039815,0.0,0.0,0.0,0.0,0.0,0.385
0.3937915,0.0,0.3937915,0.0,0.67558527,0.0,1.5811889,0.3937915,0.0,0.0,0.67558527,0.0,0.41700000000000004
0.68816024,0.68816024,0.0,0.0,0.0,0.0,0.0,0.0,0.0,0.68816024,0.0,0.0,0.20950000000000002
0.0,0.0,0.0,0.0,0.0,0.0,2.1508245,0.0,0.9236191,0.0,0.0,0.0,0.385
0.0,0.0,0.0,0.0,0.0,0.0,0.0,0.0,0.0,0.0,0.0,0.0,0.3015
0.8494138,0.0,0.0,0.0,0.0,0.0,1.0240208,0.0,0.0,0.0,0.0,0.0,0.3695
0.0,0.0,0.0,0.0,0.0,0.0,0.82270277,0.0,0.0,0.0,0.0,0.82270277,0.3695
0.0,0.0,0.0,0.0,0.0,0.0,1.128999,0.0,0.52916825,0.0,0.87339973,0.0,0.3375
0.5145289,0.5145289,0.5145289,0.0,0.0,0.5145289,1.4734466,0.0,0.5145289,0.0,0.0,0.0,0.385
0.61436987,0.0,0.0,0.0,0.0,0.0,0.35364234,0.0,0.35364234,0.0,0.0,0.0,0.3555
1.3622425,1.3622425,0.0,0.0,2.2736526,1.3622425,0.0,0.0,0.0,1.3622425,0.0,0.0,0.0695
0.0,0.0,0.0,0.0,0.0,0.0,0.7847931,0.0,0.0,0.0,0.0,0.0,0.385
0.0,0.0,0.0,0.0,0.0,0.0,2.0763364,0.0,0.0,0.0,0.87339973,0.87339973,0.2525
1.4625825,0.0,0.0,0.0,0.0,0.0,0.0,0.0,0.0,1.4625825,2.0326366,0.0,0.1655
0.5704846,0.0,0.0,0.0,0.0,0.0,1.196154,0.0,0.0,0.0,0.0,0.0,0.3015
0.0,0.0,0.0,0.0,0.0,0.0,1.1887397,0.0,0.5658707,0.0,0.0,0.0,0.3695
0.0,0.0,0.70481414,0.0,0.0,0.0,1.4037441,0.0,0.0,0.0,0.70481414,0.0,0.3015
0.0,0.0,0.0,0.0,0.0,0.0,1.9707425,0.80433095,0.0,0.0,0.80433095,0.80433095,0.385
0.5636764,0.0,1.3933897,0.0,0.0,0.0,1.954015,0.0,0.0,0.0,0.0,0.0,0.3555
0.6190222,0.0,0.0,0.0,0.0,0.0,0.6190222,0.0,0.0,0.0,0.6190222,0.0,0.3015
0.6737582,0.0,0.0,0.0,0.0,0.392581,1.3570681,0.0,0.0,0.392581,0.392581,0.0,0.41700000000000004
0.76495826,0.0,0.4539075,0.0,0.0,0.0,1.8197104,0.0,0.0,0.0,1.0018653,0.0,0.3695
0.8793043,1.6539655,0.0,1.3398435,0.8793043,0.0,0.0,0.8793043,0.0,0.0,0.0,0.8793043,0.0695
0.0,0.0,0.0,0.0,0.0,0.91015106,0.91015106,0.0,0.0,0.0,0.91015106,0.0,0.2525
0.0,0.0,0.0,0.0,0.7467476,0.0,0.0,0.7467476,0.0,0.0,0.7467476,0.0,0.0695
0.71981186,0.0,0.0,0.0,0.0,0.0,1.9911948,0.0,0.0,0.0,0.0,0.0,0.3015
0.0,0.0,0.0,0.0,0.0,0.62127304,1.0015844,0.62127304,0.0,0.0,0.62127304,0.0,0.20950000000000002
0.65580624,0.0,0.0,0.0,0.0,0.65580624,1.3297467,0.0,0.0,0.0,0.0,0.0,0.3375
0.0,0.0,0.0,0.0,0.0,0.0,0.0,0.485979,0.485979,0.0,0.0,0.0,0.3015
1.2867824,0.0,0.62791806,0.0,0.0,0.0,1.4006827,0.0,0.36245516,0.0,0.36245516,0.0,0.3695
0.0,0.0,0.0,0.0,0.0,0.0,1.2138628,0.0,0.46474975,0.0,0.46474975,0.0,0.3695
0.0,0.0,0.0,0.6953445,0.6953445,0.0,0.0,0.0,0.0,0.0,0.6953445,0.0,0.0695
1.4691844,0.0,0.0,0.0,1.4691844,0.0,0.0,0.0,0.0,0.0,0.0,0.0,0.0695
1.355598,0.0,0.0,0.0,2.2656348,0.0,0.0,0.0,0.0,0.0,0.0,0.0,0.1655
1.017486,0.0,0.0,0.0,0.0,0.0,1.5112656,0.0,0.46294373,0.0,0.0,0.46294373,0.41700000000000004
0.65580624,0.0,0.65580624,0.0,0.0,0.0,1.0485079,0.0,0.0,0.0,0.65580624,0.0,0.385
1.3227644,0.0,0.0,0.0,0.0,0.6512455,1.0423439,0.0,0.0,0.0,0.0,0.0,0.3695
1.2033919,0.0,0.0,0.0,0.0,0.0,0.5750011,0.0,0.0,0.5750011,0.5750011,0.0,0.3375
0.0,0.0,0.0,0.0,0.0,0.0,1.6969134,0.0,0.0,0.0,0.44284734,0.0,0.41700000000000004
0.0,0.0,0.80822,0.0,0.0,0.0,0.0,0.0,0.0,0.0,0.0,0.80822,0.2525
1.225123,0.0,0.0,0.0,2.3625827,0.0,0.0,0.0,0.0,0.0,0.0,0.0,0.0695
0.0,0.0,0.0,0.0,0.0,0.0,1.0919574,0.0,0.0,0.0,1.9373459,0.0,0.1655
1.0392914,0.0,0.0,0.0,0.0,0.0,1.8689734,0.0,0.0,0.0,0.0,0.0,0.3375
0.0,0.0,0.0,0.0,0.0,0.0,1.3211703,0.0,0.0,0.0,0.43797168,0.43797168,0.3695
1.0556957,0.0,0.38423702,0.0,0.0,0.38423702,0.8777496,0.0,0.8777496,0.0,0.0,0.0,0.3695
0.0,0.0,0.0,0.0,1.1162685,0.0,0.0,0.0,0.0,0.0,0.0,1.6305883,0.0695
0.5598367,0.0,0.0,0.0,0.0,0.0,0.0,0.0,0.0,0.0,0.5598367,0.9166,0.3375
0.52419466,0.0,0.0,0.0,0.0,0.52419466,1.6359997,0.0,0.52419466,0.0,0.0,0.0,0.3015
0.0,0.0,0.0,0.0,0.0,0.0,1.7884034,0.0,0.0,0.97831327,0.0,0.0,0.41700000000000004
0.0,0.0,0.0,0.0,0.0,0.0,1.5925453,0.0,0.0,0.0,0.0,0.50241494,0.41700000000000004
0.0,0.0,0.0,0.0,0.0,0.0,1.9566317,0.0,0.0,0.0,0.0,0.0,0.41700000000000004
0.0,0.0,0.0,0.0,0.0,0.0,1.8977189,0.0,0.7580601,0.0,1.184259,0.0,0.385
0.0,0.0,0.0,0.0,0.0,0.0,0.0,0.0,0.0,0.0,0.0,0.0,0.1655
0.78646696,0.0,0.0,0.0,0.0,0.0,0.0,0.0,0.78646696,0.0,0.78646696,0.0,0.20950000000000002
1.8524384,0.0,0.0,0.0,0.0,0.0,0.0,1.0266801,0.0,0.0,0.0,0.0,0.20950000000000002
0.3749938,0.0,0.0,0.0,0.0,0.0,1.0367119,0.3749938,0.0,0.0,0.0,0.0,0.3555
0.6706156,0.0,0.0,0.0,0.0,0.0,1.5731395,0.6706156,0.0,0.0,0.0,0.0,0.3375
1.7941253,0.0,0.0,0.0,1.7941253,0.0,1.7941253,0.0,0.0,0.0,0.0,0.0,0.3695
0.7636942,0.0,0.0,0.0,0.0,0.7636942,0.0,0.0,0.7636942,0.7636942,1.1916108,0.0,0.3015
1.1198393,0.0,0.0,0.0,0.0,0.0,0.0,0.0,0.0,0.0,2.2254283,0.0,0.1655
0.0,0.0,0.0,0.0,0.0,0.0,0.9087817,0.0,0.0,0.0,0.0,0.0,0.1655
0.0,0.0,0.0,0.0,0.0,1.2117238,0.7791576,0.0,0.0,0.0,0.7791576,0.0,0.41700000000000004
0.0,0.0,0.0,0.0,0.0,0.0,1.961757,0.0,0.0,0.0,1.961757,1.400174,0.20950000000000002
0.0,0.0,0.0,0.0,1.7919743,0.0,0.0,1.2529471,0.0,0.0,0.0,0.0,0.0695
0.0,0.0,0.0,0.0,0.0,0.0,1.2089559,0.0,0.0,0.46215808,0.77702516,0.0,0.3375
0.6329989,0.6329989,0.0,0.0,0.6329989,0.0,0.0,0.0,0.0,0.0,0.0,0.0,0.1655
0.0,0.0,0.0,0.8121489,0.0,0.0,0.8121489,0.0,0.0,0.0,0.0,0.0,0.41700000000000004
0.4993785,0.0,0.4993785,0.0,0.0,0.0,1.2783716,0.0,0.8309044,0.0,0.8309044,0.4993785,0.3695
0.83545136,0.0,0.36136332,0.0,0.0,0.0,0.36136332,0.0,0.0,0.0,0.36136332,0.0,0.2525
0.56166637,0.0,0.0,0.0,0.0,0.0,1.1819655,0.0,0.0,0.0,0.0,0.0,0.3695
0.62065756,0.0,0.0,0.0,0.0,0.0,1.8182236,0.0,0.0,0.0,0.0,0.62065756,0.3375
0.0,0.0,0.43037403,0.0,0.43037403,0.0,0.9606895,0.0,0.0,0.0,0.0,0.0,0.3695
0.0,0.0,0.0,0.0,0.0,0.0,0.0,0.0,0.0,0.0,0.0,0.0,0.1655
0.0,0.0,0.0,0.0,0.0,0.0,0.0,0.0,0.0,0.0,0.0,0.0,0.3015
1.5969002,0.0,0.0,0.945881,0.0,0.0,1.4231474,0.0,0.0,0.0,0.5808407,0.945881,0.3015
0.0,0.0,0.0,0.0,0.0,0.0,0.6105807,0.0,0.0,0.0,0.0,0.6105807,0.3375
0.0,0.0,0.0,0.0,0.0,0.0,1.4073353,1.4073353,0.0,0.0,1.4073353,0.0,0.3015
0.0,0.0,0.47341046,0.0,0.0,0.0,1.3930964,0.0,0.0,0.0,0.47341046,0.0,0.3555
0.0,0.0,0.0,0.0,0.0,0.0,1.5493805,0.0,0.0,0.0,0.0,0.0,0.41700000000000004
0.0,0.0,0.0,0.0,0.0,0.0,0.0,0.0,0.0,0.0,0.4857309,0.0,0.3695
1.2506504,0.0,0.0,0.80928755,0.0,0.0,0.80928755,0.0,0.0,0.0,0.0,0.0,0.3695
0.0,0.0,0.0,0.0,2.7572627,0.0,0.0,2.1256483,0.0,0.0,0.0,0.0,0.1655
1.127057,0.0,0.0,0.0,1.127057,0.0,0.0,0.0,0.0,0.0,0.0,0.0,0.1655
0.0,0.0,0.0,0.0,0.0,0.0,0.0,0.0,0.0,0.0,0.0,0.0,0.1655
0.6236443,0.0,0.6236443,0.35967067,0.0,0.35967067,1.7511861,0.0,0.0,0.0,0.35967067,0.0,0.41700000000000004
0.0,0.0,0.0,0.0,0.0,0.0,1.6408784,0.0,0.0,0.0,0.0,0.0,0.3555
0.76957726,0.0,0.45706195,0.0,0.0,0.45706195,0.45706195,0.0,0.45706195,0.0,0.0,0.0,0.3375
0.7915338,0.0,0.0,0.0,0.0,0.7915338,2.245745,0.0,0.7915338,0.0,0.0,0.0,0.3555
0.0,0.54157037,1.1493406,0.0,0.0,0.0,0.54157037,0.0,0.0,0.0,0.0,0.54157037,0.3375
0.0,0.0,0.0,0.0,0.0,0.0,0.0,0.0,0.0,0.0,2.7009447,0.0,0.0695
0.0,0.0,0.0,0.0,0.0,0.0,0.0,0.0,0.0,0.0,0.0,0.0,0.20950000000000002
0.0,0.0,0.58209515,0.0,0.0,0.58209515,0.0,0.0,0.0,0.0,0.9476222,0.58209515,0.1655
0.7868026,0.0,0.0,0.0,0.0,0.0,0.7868026,0.0,1.2216334,0.0,0.0,0.0,0.3015
1.4182384,0.0,0.0,0.0,0.0,0.0,1.127057,0.0,0.0,0.0,0.0,0.0,0.3695
1.0207908,0.0,0.0,0.0,0.0,0.6353562,2.092056,0.0,0.0,0.0,0.6353562,0.6353562,0.385
0.0,0.0,0.5605006,0.0,0.0,0.0,1.8343151,0.0,0.0,0.0,0.5605006,0.0,0.385
0.94315886,0.0,0.0,0.0,0.0,0.0,1.7412101,0.0,0.57888067,0.0,0.0,0.0,0.3695
0.87339973,0.0,0.0,0.0,0.0,0.0,0.87339973,0.0,0.0,0.0,0.0,0.0,0.3555
1.1433034,0.0,1.1433034,0.0,1.1433034,0.0,0.0,0.0,0.0,0.0,0.7268514,1.1433034,0.1655
0.0,0.0,0.0,0.0,0.0,0.0,1.5242842,0.0,0.64078164,0.0,0.0,0.0,0.3555
0.0,0.8290253,0.0,0.0,0.0,0.0,0.0,0.0,0.0,0.8290253,0.8290253,0.8290253,0.0695
0.0,0.0,0.49715814,0.0,0.0,0.0,1.5819135,0.0,0.49715814,0.0,1.0757282,0.0,0.2525
0.0,0.0,0.69742596,0.0,0.0,0.0,1.3927057,0.0,0.0,0.0,1.1043133,0.0,0.3375
0.0,0.73753786,0.0,0.0,0.0,0.0,0.0,0.0,0.0,0.0,0.0,0.0,0.2525
1.047888,0.0,0.0,0.0,1.047888,1.5482526,0.0,0.0,0.0,1.047888,1.047888,0.0,0.0695
0.56688935,0.0,0.56688935,0.0,0.0,0.0,1.3989886,0.0,0.0,0.0,0.0,0.0,0.3015
1.2036723,0.0,0.0,0.0,0.5751763,0.0,0.0,0.0,0.0,0.0,0.0,0.0,0.3375
0.0,0.0,0.0,0.0,0.0,0.62939125,0.0,0.0,0.0,0.0,0.0,0.0,0.2525
0.8110734,0.0,0.0,0.0,0.0,0.0,0.0,0.8110734,0.0,0.0,0.8110734,0.0,0.3015
2.5001595,0.0,0.0,0.0,1.88589,0.0,0.0,0.0,0.0,0.0,0.0,0.0,0.0695
1.749253,0.0,0.0,0.0,1.749253,0.0,0.0,0.0,0.0,0.0,0.0,0.0,0.0695
1.445738,0.0,0.0,0.0,0.0,0.0,0.0,0.0,0.0,0.0,0.0,0.0,0.3375
1.2173027,0.0,0.0,0.0,0.0,0.0,1.9380449,0.0,0.0,0.0,0.78345937,0.78345937,0.41700000000000004
0.45272255,0.0,0.7632214,0.0,0.0,0.0,1.3514283,0.0,0.0,0.0,0.45272255,0.0,0.385
0.63600224,0.0,0.0,0.0,0.0,0.0,1.8458508,0.0,0.0,0.0,0.0,0.0,0.3695
0.0,0.0,0.0,1.2357274,0.0,0.0,0.0,0.0,0.0,0.0,1.2357274,0.0,0.2525
0.0,0.6737582,0.0,0.0,0.6737582,0.0,0.6737582,0.0,0.0,0.0,0.6737582,0.0,0.3375
0.7762083,0.0,0.7762083,0.0,0.0,0.0,2.340433,0.0,0.7762083,0.0,1.9265937,0.0,0.2525
0.86388016,0.0,0.0,0.52246207,0.0,0.0,0.86388016,0.0,0.0,0.0,0.86388016,0.0,0.3695
0.0,0.0,0.0,0.0,0.0,0.0,2.2643063,0.0,1.6700103,0.0,1.6700103,0.0,0.3015
1.1600775,0.0,0.0,0.0,0.0,0.0,1.8680184,0.73959666,0.0,0.0,0.0,0.73959666,0.3375
1.4434412,0.0,0.8303397,0.0,0.0,0.0,0.8303397,0.0,0.0,0.0,0.4989852,0.0,0.3695
0.68714654,0.0,0.0,0.0,0.0,0.0,1.0906035,0.0,0.0,0.0,0.68714654,0.0,0.41700000000000004
0.88314515,0.0,0.0,0.0,0.0,0.0,0.88314515,0.0,0.0,0.0,0.0,0.0,0.3375
0.82141364,0.49277726,0.0,0.0,0.0,0.0,1.0683482,0.0,0.0,0.0,0.0,0.0,0.3375
0.51988494,0.0,0.0,0.51988494,0.0,0.8602147,0.8602147,0.0,0.0,0.0,0.51988494,0.0,0.3555
0.0,0.0,0.5794139,0.0,0.94389963,0.0,1.420688,0.0,0.0,0.0,0.0,0.0,0.385
0.6091968,0.0,0.6091968,0.0,0.0,0.0,1.4715117,0.0,0.6091968,0.0,1.4715117,0.0,0.2525
0.0,0.0,0.814309,0.0,0.0,0.0,1.7968234,0.0,0.0,0.0,0.814309,0.0,0.385
1.8256884,0.0,0.0,1.0063832,2.269901,1.0063832,0.0,1.0063832,0.0,0.0,0.0,1.4976965,0.0695
0.0,0.0,0.59084916,0.0,0.0,0.0,1.763553,0.0,0.0,0.0,0.0,0.0,0.41700000000000004
0.0,0.0,0.80187654,0.0,0.0,0.0,0.80187654,0.0,0.0,0.0,0.80187654,0.0,0.2525
0.0,0.0,0.0,0.0,0.0,0.0,0.0,0.0,0.0,0.0,2.1901557,0.0,0.1655
0.0,0.0,0.0,1.8027949,2.409928,0.0,0.0,0.0,0.0,0.0,1.8027949,1.8027949,0.0695
0.0,0.0,0.0,0.9307541,0.0,0.0,0.0,0.0,0.0,0.0,0.0,0.0,0.2525
0.0,0.0,0.0,0.0,0.0,0.0,0.0,0.0,0.0,0.0,0.0,0.0,0.3375
1.2569504,0.0,0.0,0.0,0.60880256,0.0,0.0,0.0,0.0,0.0,0.0,0.60880256,0.0695
0.94837046,0.0,0.0,0.5826344,0.0,0.0,1.7482426,0.94837046,0.0,0.0,0.0,0.0,0.3375
0.0,0.0,0.0,0.0,2.1206415,0.0,0.0,0.0,1.5407826,0.0,2.1206415,0.0,0.0695
0.69224656,0.69224656,0.0,0.0,0.0,0.0,1.3849431,0.0,0.0,0.0,0.0,0.0,0.3375
1.4638973,0.0,0.0,0.0,0.0,0.0,1.3268039,0.0,0.44070074,0.0,0.74554574,0.0,0.41700000000000004
0.0,0.0,0.8085755,0.0,2.3940392,0.0,0.0,0.0,0.0,0.0,0.8085755,0.0,0.0695
0.0,0.0,0.0,0.0,0.0,0.0,1.1057051,0.0,0.0,0.0,0.0,0.0,0.3695
0.0,0.0,0.0,0.0,0.0,0.0,1.4293398,0.95087403,0.95087403,0.0,0.0,0.0,0.41700000000000004
0.0,0.0,0.91015106,0.0,0.91015106,0.0,0.0,0.0,0.0,0.0,1.3786138,0.0,0.20950000000000002
0.0,0.0,0.72942096,0.0,0.72942096,0.0,0.0,0.0,0.0,0.0,0.72942096,0.0,0.1655
1.5961725,0.0,0.0,0.0,0.0,0.0,0.68487686,0.0,0.0,0.0,0.0,0.0,0.3695
0.0,0.0,0.0,0.0,0.0,0.0,1.2969764,0.0,0.0,0.0,0.0,0.0,0.41700000000000004
0.8889738,0.0,0.54018015,0.0,0.0,0.0,0.0,0.0,0.0,0.0,0.0,0.54018015,0.20950000000000002
0.0,0.0,0.0,0.0,0.0,0.0,1.0994719,0.0,0.0,0.0,0.0,0.0,0.3555
0.0,0.0,0.0,0.0,2.5188818,0.0,0.0,0.0,0.0,0.0,1.9032043,0.0,0.0695
0.58716893,0.0,0.58716893,0.0,0.0,0.0,1.2227942,0.0,0.0,0.0,0.95465606,0.0,0.3555
0.0,0.0,0.0,0.0,0.0,0.68112856,1.5901382,0.0,0.0,0.0,0.0,0.0,0.3695
0.0,0.0,0.0,0.0,0.0,0.0,1.7533092,0.0,0.0,0.0,1.219897,0.0,0.3015
0.0,0.0,0.0,0.0,0.5231825,0.0,2.0635526,0.0,0.0,0.0,0.0,0.0,0.3695
0.87131137,0.0,0.0,0.0,0.87131137,0.0,0.0,0.0,0.0,0.0,0.0,0.0,0.2525
0.0,0.0,0.0,0.0,0.0,0.0,1.9569005,0.0,0.47482675,0.0,0.47482675,0.0,0.41700000000000004
0.0,0.0,0.0,0.0,0.0,0.0,1.3878423,0.0,0.0,0.0,0.9175293,0.0,0.2525
0.9973911,0.0,0.9973911,0.9973911,1.4866822,0.0,0.0,0.0,0.0,0.0,0.9973911,0.0,0.0695
0.54002607,0.0,0.0,0.0,0.0,0.0,1.3517563,0.0,0.0,0.0,0.0,0.54002607,0.3695
1.4705132,1.4705132,0.0,0.0,0.0,0.0,1.4705132,0.0,0.0,0.0,0.0,0.0,0.3555
0.0,0.0,0.0,0.6744878,1.073655,0.0,2.2687435,0.0,0.0,0.0,0.0,0.0,0.385
0.7636942,0.0,0.0,0.0,0.0,0.0,0.0,0.7636942,0.7636942,0.0,0.7636942,0.0,0.3555
1.3172386,0.0,0.0,0.0,0.0,0.0,0.0,0.0,0.0,0.0,0.0,0.0,0.3555
0.0,0.0,0.0,0.0,0.0,0.0,0.0,0.0,0.0,0.0,0.0,1.2930087,0.2525
1.002709,0.0,0.35866272,0.0,0.0,0.0,1.4931988,0.35866272,1.002709,0.0,0.8304025,0.0,0.20950000000000002
0.9337379,0.0,0.0,0.0,0.2691108,0.0,1.0483012,0.2691108,0.2691108,0.0,0.2691108,0.0,0.385
0.0,0.0,0.0,0.0,0.0,0.0,1.347125,0.0,0.0,0.0,0.88507897,0.0,0.3695
1.8431555,0.0,0.0,0.0,1.2969764,1.2969764,0.0,0.0,0.0,0.0,0.0,0.0,0.0695
0.63193345,0.0,0.0,0.0,0.0,0.0,1.6875505,0.0,0.0,0.0,0.0,0.0,0.41700000000000004
0.54195786,0.0,0.0,0.0,0.0,0.54195786,1.1499735,0.0,0.0,0.0,0.54195786,0.0,0.41700000000000004
0.9022248,0.0,0.5495889,0.0,0.0,0.5495889,1.6855178,0.5495889,0.0,0.0,0.0,0.0,0.385
0.0,0.0,0.0,0.0,0.0,0.0,0.8450954,0.0,0.8450954,0.0,0.8450954,0.0,0.3015
0.0,0.0,0.0,0.0,0.66113365,0.0,0.0,0.0,0.0,0.66113365,0.66113365,0.66113365,0.0695
0.0,0.0,0.0,0.0,0.0,0.0,1.1890125,0.0,0.0,0.0,0.0,0.0,0.3555
0.0,0.0,0.0,0.0,0.0,0.0,0.76845694,0.0,0.0,0.0,0.76845694,0.76845694,0.2525
0.9698515,0.0,0.0,0.0,0.0,0.0,0.0,0.0,0.0,0.0,0.0,0.9698515,0.20950000000000002
0.0,0.0,0.0,0.0,0.0,0.0,1.7362298,0.0,0.0,0.0,0.93947375,0.0,0.3375
0.70189226,1.3993834,0.70189226,0.0,0.0,0.0,0.70189226,0.0,0.0,0.0,0.0,0.0,0.3695
0.82086253,0.0,0.0,0.0,0.82086253,0.0,0.82086253,0.82086253,0.0,0.0,0.0,0.0,0.20950000000000002
0.9175293,0.0,0.0,0.0,0.0,0.0,0.5605006,0.0,0.0,0.0,0.5605006,0.0,0.3015
0.0,0.0,0.0,1.1742141,0.0,1.1742141,1.1742141,0.0,0.0,0.0,1.1742141,1.1742141,0.20950000000000002
2.0483944,0.0,0.0,0.0,0.0,0.0,0.0,0.0,0.0,0.98911726,1.4765279,0.0,0.0695
1.2913636,0.0,0.0,0.0,0.0,0.0,0.0,0.0,0.0,0.0,0.6308716,0.0,0.1655
0.0,0.0,0.0,0.0,0.0,0.0,0.0,0.0,0.0,0.0,0.0,0.0,0.2525
0.0,0.0,0.0,0.0,0.0,0.0,1.2999705,0.0,0.0,0.0,0.6364337,0.0,0.3555
0.5275486,0.0,0.5275486,0.0,0.0,0.8711031,1.6426088,0.0,0.5275486,0.0,0.0,0.0,0.385
0.0,0.0,1.0158423,0.0,0.0,0.0,1.0158423,0.0,0.0,0.0,0.6317208,0.0,0.3555
0.9823348,0.0,0.0,0.0,0.0,0.0,1.7937664,0.0,0.0,0.0,0.0,0.0,0.3555
0.98260415,0.0,0.44284734,0.0,0.0,0.0,1.6969134,0.0,0.0,0.0,0.0,0.0,0.2525
0.82282573,0.0,0.615879,0.0,0.0,0.0,1.2680314,0.0,0.35462195,0.0,0.0,0.0,0.385
0.31087494,0.0,0.73900723,0.0,0.31087494,0.5476804,1.3653129,0.31087494,0.0,0.0,0.0,0.31087494,0.385
0.0,0.0,0.0,0.0,0.9448892,0.0,2.485548,0.9448892,0.0,0.0,0.0,0.0,0.2525
1.420688,0.0,0.0,0.0,0.0,0.0,1.420688,0.0,0.0,0.0,0.0,0.0,0.20950000000000002
0.49252203,0.0,0.0,0.0,0.0,0.0,0.8210462,0.49252203,0.8210462,0.49252203,0.0,0.8210462,0.3375
0.0,0.0,0.0,0.0,1.4103444,0.0,0.0,0.9355768,0.0,0.9355768,0.9355768,0.0,0.0695
0.0,0.0,0.47672868,0.0,0.47672868,0.0,0.47672868,0.0,0.47672868,0.0,0.0,0.0,0.20950000000000002
1.1527677,0.0,0.0,0.0,0.73403615,0.0,0.73403615,0.0,0.73403615,0.0,0.0,0.0,0.3015
0.0,0.0,0.0,0.0,0.0,0.0,0.0,0.0,0.0,0.0,0.0,1.9658281,0.0695
0.0,0.0,0.0,0.0,0.0,0.6774226,0.0,0.0,0.0,0.0,1.0775907,0.0,0.385
0.77360636,0.0,0.0,0.0,0.0,0.0,0.0,0.0,0.0,0.0,0.0,0.0,0.2525
0.0,0.0,0.0,0.0,0.0,1.3849431,0.0,0.0,0.0,0.0,1.9443657,2.3009634,0.1655
0.0,0.0,0.0,0.0,1.7687311,0.0,0.0,0.0,0.0,0.0,0.0,0.0,0.1655
0.52550185,0.0,0.0,0.0,0.0,0.0,1.7645856,0.0,0.0,0.0,0.0,0.0,0.3555
1.4053376,0.0,0.0,0.0,0.0,0.0,1.8128964,0.0,0.0,0.0,0.0,0.0,0.41700000000000004
0.0,0.0,0.0,0.0,0.0,0.0,0.9022248,0.0,0.0,0.0,0.5495889,0.0,0.3375
0.448677,0.0,0.0,0.0,0.0,0.0,1.1832459,0.0,0.0,0.0,0.0,0.448677,0.41700000000000004
1.2190309,0.0,0.0,0.0,0.0,0.0,1.3812525,0.0,0.0,0.0,0.0,0.0,0.3555
1.0598061,0.0,0.0,0.0,0.0,0.0,1.0598061,0.0,0.0,0.0,0.0,0.0,0.3015
1.1493406,0.0,0.0,0.0,2.2643063,0.0,0.0,0.0,0.0,0.0,0.0,0.0,0.0695
0.0,0.0,0.0,0.0,0.0,0.0,0.8812202,0.0,0.0,0.0,0.0,0.5346915,0.3695
0.0,0.0,0.0,0.0,0.0,0.0,1.5492551,0.0,0.0,0.0,0.0,0.0,0.3695
0.0,0.0,1.0249056,0.0,0.0,0.0,0.0,0.0,0.0,0.0,0.0,1.0249056,0.20950000000000002
1.1806209,0.0,0.7552754,0.7552754,1.8932608,1.1806209,0.0,0.0,1.1806209,0.0,0.0,0.7552754,0.0695
0.0,0.0,0.0,0.0,1.7729009,0.0,0.0,0.0,0.0,0.0,0.0,0.0,0.0695
0.78031087,0.0,0.0,0.0,0.0,0.0,1.0200112,0.0,0.0,0.0,0.0,0.78031087,0.3695
0.5208126,0.0,0.0,0.2939356,0.0,0.0,1.5599687,0.0,0.0,0.2939356,0.7056153,0.2939356,0.385
0.38477695,0.38477695,0.38477695,0.0,0.0,0.0,1.2078949,0.0,0.0,0.0,0.0,0.0,0.385
1.0211812,0.0,0.0,0.0,0.0,0.0,0.7813023,0.0,0.0,0.0,0.46509,0.46509,0.3555
0.48948,0.0,0.0,0.0,0.0,0.0,1.5662811,0.0,1.0627788,0.0,0.8166628,0.0,0.3015
0.46863565,0.0,0.0,0.0,0.46863565,0.0,0.0,0.78646696,0.0,0.0,0.78646696,0.46863565,0.20950000000000002
0.35659766,0.0,0.0,0.0,0.0,0.0,2.0051107,0.0,0.0,0.0,0.0,0.0,0.3695
0.0,0.0,0.0,0.0,0.0,0.0,1.6365718,0.0,0.0,0.0,1.6365718,0.0,0.2525
0.0,0.0,0.0,0.0,0.0,1.4450991,0.0,0.0,0.9636079,0.0,0.9636079,0.0,0.20950000000000002
1.5565699,0.0,0.0,1.0547521,2.6460927,1.5565699,0.0,0.0,0.0,0.0,0.0,0.0,0.0695
0.0,0.0,0.0,0.0,0.0,0.60508364,2.1380227,0.0,0.0,0.0,0.0,0.0,0.3555
0.0,0.0,0.0,0.0,0.9826042,0.0,1.4685211,0.0,0.0,0.0,0.0,0.9826042,0.2525
0.9677607,0.0,0.0,0.0,0.0,0.59664834,0.9677607,0.0,0.59664834,0.59664834,0.0,0.59664834,0.3555
0.758993,0.0,0.0,0.0,0.0,0.0,1.6047136,0.0,0.44984052,0.0,0.0,0.0,0.385
0.8725631,0.0,0.0,0.0,1.3313293,0.0,0.0,0.8725631,0.0,0.0,0.0,0.0,0.0695
0.39121822,0.0,0.0,0.0,0.0,0.0,1.5748981,0.0,0.0,0.0,0.0,0.6717,0.385
0.0,0.0,0.0,0.0,0.0,0.0,0.0,0.0,0.0,0.0,0.0,0.0,0.1655
1.0237263,0.0,0.0,0.0,0.0,0.637515,0.0,0.0,0.0,0.0,0.637515,0.0,0.3555
1.0684559,0.0,0.0,0.0,0.0,0.0,1.0684559,0.0,0.0,0.0,1.0684559,0.0,0.3695
1.1391934,0.0,0.0,0.7237364,0.0,0.0,0.0,0.0,0.0,0.7237364,1.1391934,1.1391934,0.20950000000000002
0.0,0.0,0.0,0.0,1.1057051,0.0,0.69847155,0.0,0.0,0.0,0.0,0.69847155,0.3015
0.0,0.0,0.0,0.0,0.0,0.0,1.1022326,0.0,0.0,0.0,1.3903663,0.0,0.2525
0.6093941,0.0,0.0,0.0,0.0,0.0,1.9279231,0.0,0.0,0.0,0.0,0.0,0.385
0.7752304,0.0,0.0,0.0,0.0,0.0,0.0,0.0,0.0,0.0,0.0,0.0,0.41700000000000004
0.0,0.0,0.0,0.0,0.0,0.0,0.0,0.0,0.0,0.0,0.0,0.0,0.3375
0.0,0.0,0.0,0.0,0.0,0.0,1.5953647,0.0,0.0,0.0,0.0,0.0,0.3555
1.7166555,0.0,0.0,0.0,0.0,0.0,0.0,0.0,0.0,0.0,0.0,0.0,0.0695
1.3954464,0.0,0.0,0.0,0.0,0.0,0.0,0.0,0.0,0.0,1.9563628,0.0,0.1655
0.0,0.6454137,0.0,0.0,0.0,0.0,0.6454137,0.0,0.0,0.0,0.0,1.0344476,0.20950000000000002
0.0,0.0,0.0,0.0,0.0,0.0,1.047888,0.0,0.0,1.047888,0.0,0.0,0.2525
0.0,0.0,0.0,0.0,0.0,0.0,1.5608966,0.0,0.8128676,0.0,0.0,0.0,0.2525
0.0,0.0,0.0,0.0,0.0,0.77328235,1.504211,0.0,0.0,0.0,0.0,0.0,0.3555
1.3930964,0.0,0.0,0.0,0.0,0.0,1.3930964,0.0,0.0,0.0,0.0,0.0,0.385
0.6766864,0.0,0.0,0.0,0.0,0.0,0.0,0.0,0.0,0.0,0.6766864,0.6766864,0.20950000000000002
0.0,0.0,0.0,0.0,1.0700747,0.0,0.0,0.0,0.0,0.0,1.0700747,0.0,0.0695
0.5618333,0.0,0.0,0.0,0.0,0.0,1.1822348,0.0,0.0,0.0,0.9193939,0.0,0.3555
0.7223297,0.0,0.0,0.0,0.0,0.0,1.4297549,0.0,0.0,0.0,0.0,0.0,0.385
0.54312366,0.0,0.0,0.0,0.0,0.0,1.3572521,0.0,0.0,0.0,0.0,0.54312366,0.41700000000000004
0.0,0.0,0.0,0.0,0.0,0.0,0.0,0.0,0.0,0.0,0.0,0.0,0.0695
0.0,0.0,0.7755561,0.0,0.0,0.0,1.2070478,0.0,0.0,0.0,0.0,0.0,0.20950000000000002
0.6135681,0.0,0.6135681,0.0,0.0,0.0,1.2644176,0.0,0.0,0.0,0.0,0.0,0.3695
0.0,0.0,0.0,0.0,0.0,0.0,0.0,0.0,0.0,0.0,0.0,0.0,0.3555
0.0,0.0,0.0,0.0,0.0,0.0,1.0895902,0.0,0.0,0.0,0.0,0.0,0.3375
1.3245021,0.0,0.0,0.0,0.0,0.0,1.3245021,0.0,0.0,0.0,0.0,0.0,0.2525
0.0,0.0,0.0,0.0,0.0,0.0,0.9636079,0.0,0.0,0.0,0.0,0.0,0.41700000000000004
0.0,0.0,0.0,0.0,0.0,0.0,1.7828281,0.0,0.0,0.0,0.5345408,0.0,0.3555
0.0,0.0,0.0,0.0,0.0,0.0,0.0,0.0,1.4061359,0.0,0.0,0.0,0.1655
0.62230176,0.0,0.0,0.0,0.0,0.0,0.0,0.0,0.0,0.0,1.0029907,0.0,0.3695
1.1321707,0.0,0.0,0.0,1.1321707,0.0,0.0,0.0,0.0,0.0,1.1321707,0.0,0.2525
0.0,0.0,0.0,0.0,0.0,0.0,0.9300353,0.0,0.0,0.0,0.0,0.0,0.3375
0.0,0.0,0.0,0.0,0.9024492,0.0,0.0,0.0,0.0,0.0,0.0,0.9024492,0.1655
0.0,0.0,0.0,0.0,0.0,0.0,0.0,0.0,0.0,0.0,2.2159946,0.0,0.20950000000000002
0.0,0.0,0.0,0.0,2.5161817,0.0,0.0,0.0,0.0,0.0,0.0,0.0,0.0695
0.0,0.0,0.0,0.0,0.0,0.8135876,1.2561783,0.0,0.0,0.0,0.0,0.0,0.41700000000000004
0.0,0.0,0.0,0.0,0.0,0.0,1.828696,0.0,0.6264519,0.0,0.0,0.0,0.41700000000000004
0.0,0.0,0.0,0.0,0.0,0.0,0.83279264,0.0,0.0,0.0,0.0,0.0,0.3375
0.5828144,0.0,0.0,0.0,0.0,0.0,2.2723107,0.0,0.0,0.0,0.0,0.0,0.385
0.33310542,0.0,0.0,0.0,0.0,0.33310542,1.599982,0.58254445,0.33310542,0.0,0.0,0.0,0.3555
0.76102275,0.45122346,0.45122346,0.76102275,0.0,0.45122346,0.9972056,0.45122346,0.45122346,0.0,0.76102275,0.0,0.41700000000000004
0.60179555,0.0,0.60179555,0.0,0.0,0.0,2.0285623,0.97485656,0.0,0.0,0.0,0.60179555,0.3695
0.0,0.0,1.0136275,0.0,0.0,0.0,1.2062019,0.46070614,0.0,0.0,0.46070614,0.0,0.3555
0.0,0.0,0.0,0.0,0.0,0.0,0.9015522,0.0,0.0,0.0,1.367837,0.0,0.2525
0.4438771,0.0,0.75022566,0.0,0.0,0.0,0.4438771,0.0,0.0,0.0,0.0,0.0,0.385
0.68470937,0.0,0.5040811,0.0,0.0,0.28347206,1.595903,0.0,0.28347206,0.0,0.5040811,0.0,0.41700000000000004
0.0,0.0,0.0,0.0,0.0,0.0,0.0,0.870479,0.0,0.0,0.870479,0.0,0.20950000000000002
0.4727055,0.0,0.0,0.0,0.0,0.0,1.3916909,0.0,0.792385,0.0,0.0,0.0,0.3015
0.0,0.0,0.0,0.0,0.0,0.0,1.1141381,0.0,0.0,0.0,1.6280402,0.0,0.3555
0.75129086,0.0,0.0,0.0,0.0,0.75129086,0.0,0.0,0.0,0.0,0.0,0.0,0.2525
0.0,0.0,0.0,0.62749845,0.0,0.0,1.286131,0.0,0.0,0.0,0.0,0.0,0.3555
0.0,0.0,0.0,0.0,1.0103728,0.0,1.0103728,0.0,0.0,0.0,1.0103728,0.0,0.41700000000000004
0.69586366,0.0,0.0,0.0,0.0,0.0,1.1022326,0.0,0.0,0.0,0.69586366,0.0,0.3555
1.2774091,0.0,0.0,0.0,0.0,0.0,1.8204548,1.8204548,0.0,0.0,1.8204548,0.0,0.2525
1.3414538,0.0,0.0,0.0,0.0,0.0,0.0,0.0,0.0,0.0,0.0,0.0,0.2525
0.4687509,0.0,0.7866347,0.0,0.7866347,0.0,0.7866347,0.0,0.0,0.0,0.7866347,0.4687509,0.2525
0.0,0.0,0.0,0.0,0.5439037,0.0,1.1531498,0.0,0.0,0.0,0.5439037,0.5439037,0.385
1.3313293,0.0,0.8725631,0.0,0.0,0.0,0.8725631,0.0,0.0,0.0,0.0,0.0,0.2525
0.0,0.0,0.0,0.0,0.0,0.7827943,1.9369966,0.0,0.0,0.0,0.0,0.0,0.3555
0.0,1.4705132,1.4705132,0.0,0.0,0.0,0.0,0.0,0.0,0.0,1.4705132,0.0,0.20950000000000002
1.1678841,0.0,0.0,0.0,1.1678841,0.0,0.0,0.0,0.0,0.0,0.0,0.0,0.0695
0.0,0.0,0.0,0.0,0.0,0.0,1.4115522,0.0,0.0,0.0,0.0,0.0,0.3375
0.0,0.0,1.2438172,0.0,1.2438172,0.0,0.0,0.0,0.0,0.0,0.0,0.0,0.0695
1.4691844,0.0,0.0,0.0,0.0,0.0,0.0,0.0,0.0,0.0,1.4691844,0.0,0.1655
0.0,0.0,0.0,0.0,0.0,0.0,0.0,0.0,0.0,0.0,0.0,0.0,0.3015
0.6129682,0.0,0.0,0.0,0.0,0.0,0.99021184,0.0,0.0,0.0,0.0,0.0,0.3555
0.0,0.4434646,0.0,0.0,0.0,0.0,1.3324927,0.0,0.4434646,0.0,0.4434646,0.9836832,0.3695
0.4786462,0.0,0.4786462,0.0,0.0,0.0,0.0,0.0,0.0,0.0,0.8010038,0.8010038,0.1655
0.0,0.0,0.0,0.0,0.0,0.0,0.0,1.6957418,0.0,0.0,0.0,0.0,0.1655
1.1013107,0.0,0.0,0.0,0.51244557,0.0,1.46945,0.0,0.51244557,0.0,0.51244557,0.0,0.41700000000000004
0.0,0.0,0.0,0.0,0.0,0.0,1.1713035,0.0,1.1713035,0.0,1.3783277,0.0,0.2525
0.0,0.0,0.0,0.83621436,0.0,0.0,1.2851552,0.0,0.0,0.0,0.83621436,0.0,0.3375
0.0,0.0,0.0,0.0,0.0,0.0,1.0284613,0.0,1.0284613,0.0,1.0284613,0.0,0.3015
0.6270794,0.6270794,0.0,0.0,0.0,0.6270794,1.009515,0.0,0.0,0.0,0.0,0.0,0.3555
0.0,0.0,0.0,0.0,0.0,0.0,0.0,0.0,0.0,0.0,1.157758,1.6800044,0.3015
0.9793822,0.0,0.60508364,0.0,0.60508364,0.0,1.4645557,0.0,0.60508364,0.0,0.0,0.60508364,0.3695
1.0933154,0.0,0.0,0.0,2.3906653,0.0,0.0,1.0933154,0.0,0.0,1.0933154,0.0,0.0695
0.0,0.0,0.0,0.0,0.0,0.0,2.0928586,0.0,0.0,0.0,0.0,0.0,0.3555
0.0,0.0,0.0,0.0,1.7941253,0.0,0.0,0.0,1.7941253,0.0,0.0,0.0,0.1655
0.0,0.0,1.4586545,1.4586545,1.4586545,0.0,0.0,0.0,0.0,0.0,1.4586545,0.0,0.0695
1.2229395,0.0,0.0,0.0,0.0,0.0,1.5251294,0.0,0.0,0.0,0.0,0.0,0.3375
1.9007059,0.0,0.0,0.0,0.0,0.0,0.0,0.0,0.0,0.0,1.9007059,0.0,0.0695
1.0314449,0.0,0.0,0.0,0.0,0.0,1.0314449,1.0314449,0.0,0.0,1.0314449,0.0,0.3375
0.88400346,0.0,0.0,0.0,0.0,0.5366603,0.88400346,0.0,0.5366603,0.0,0.5366603,0.0,0.3375
0.0,0.0,0.0,0.0,0.0,0.0,1.4259263,0.0,0.0,0.0,0.0,0.0,0.385
0.0,0.0,0.0,0.0,0.0,0.0,0.0,0.0,0.8230719,0.0,0.0,0.8230719,0.3015
1.1088511,0.0,0.70083606,0.0,0.0,0.0,1.8045416,0.0,0.0,0.0,0.70083606,0.0,0.2525
0.0,0.0,0.0,0.0,0.0,0.0,0.81939656,0.0,0.0,0.0,0.0,0.0,0.3375
0.0,0.0,0.0,0.0,0.0,0.0,0.0,0.0,0.0,0.0,0.0,0.0,0.20950000000000002
0.774905,0.774905,0.0,0.0,0.0,0.0,1.2062019,0.774905,0.0,0.0,0.0,0.0,0.2525
1.1127228,0.0,0.5193158,0.5193158,0.0,0.0,0.5193158,0.5193158,0.0,0.0,0.85940474,0.85940474,0.1655
1.4243809,0.0,0.0,1.4243809,1.4243809,0.0,0.0,0.0,0.0,0.0,1.9893211,0.0,0.0695
0.0,0.0,0.0,0.0,0.0,0.0,0.0,0.0,0.0,0.0,0.0,0.0,0.20950000000000002
1.714247,0.0,0.0,0.0,0.0,0.0,1.1866983,0.0,0.0,0.0,0.0,0.0,0.3375
0.0,0.0,0.0,0.0,0.0,0.0,0.0,0.0,0.0,0.0,1.6957418,1.6957418,0.20950000000000002
0.0,0.0,0.0,0.0,0.0,1.391925,0.0,0.0,0.0,0.0,0.0,1.391925,0.1655
1.1593032,0.0,0.0,0.0,0.0,0.0,1.1593032,0.7390072,0.0,0.0,0.0,0.0,0.41700000000000004
0.0,0.0,0.0,0.0,0.0,0.0,0.650567,0.0,0.0,0.0,1.0414261,0.650567,0.3555
0.0,0.0,0.0,0.0,0.0,0.0,0.0,0.0,0.0,0.0,0.0,0.0,0.3375
0.0,0.0,0.91520995,0.0,0.0,0.0,1.3849431,0.91520995,0.0,0.0,0.0,0.0,0.2525
0.0,0.0,0.0,0.0,0.0,0.0,0.0,0.0,0.0,0.0,0.0,0.0,0.2525
0.0,0.0,0.0,0.0,0.0,0.0,0.7449463,0.0,0.0,0.0,0.7449463,0.0,0.3375
0.0,0.0,0.0,0.0,0.0,0.0,0.0,0.0,0.7713446,0.0,0.0,0.0,0.385
0.0,0.0,0.0,0.0,0.0,0.0,0.0,0.0,0.0,0.0,0.0,0.0,0.3015
0.0,0.0,0.0,0.0,0.0,0.52246207,1.488596,0.52246207,0.0,0.0,0.0,0.0,0.3375
0.0,0.0,0.0,1.0069511,0.0,0.0,0.0,0.0,0.0,0.0,1.0069511,1.0069511,0.20950000000000002
0.0,0.0,0.0,0.0,0.0,0.0,1.4280963,0.0,0.0,0.0,0.0,0.0,0.3555
0.6691753,0.0,1.3501176,0.0,0.0,0.0,0.6691753,0.0,0.0,0.0,0.0,0.6691753,0.3555
0.0,0.0,0.0,0.0,0.0,0.0,1.8816242,0.0,0.0,0.0,0.0,0.0,0.385
0.70481414,0.0,0.0,0.0,0.0,0.0,1.6280402,0.0,0.0,0.0,0.0,0.0,0.41700000000000004
1.3318579,0.0,0.0,0.0,0.0,0.0,1.3318579,0.0,0.0,0.0,0.0,0.0,0.41700000000000004
0.0,0.0,0.0,0.0,0.0,0.0,1.0290565,0.0,0.0,0.0,0.0,1.0290565,0.1655
0.0,0.0,0.0,1.6790897,2.2743242,0.0,0.0,0.0,0.0,0.0,0.0,0.0,0.0695
0.0,0.0,0.0,1.6827555,0.0,0.0,0.0,0.0,0.0,0.0,0.0,0.0,0.20950000000000002
1.8249384,0.0,0.83317137,0.0,0.0,0.0,0.83317137,0.0,0.83317137,0.0,0.0,0.0,0.3015
0.48326388,0.0,0.0,0.0,0.48326388,0.48326388,0.80768734,0.0,0.0,0.0,0.0,0.0,0.3375
0.8606204,0.0,0.0,0.0,0.0,0.0,1.3162084,0.0,0.0,0.0,0.8606204,0.0,0.3375
0.0,0.0,0.0,0.0,0.0,0.0,1.6014469,2.5557232,0.0,0.0,0.0,0.0,0.20950000000000002
1.0547521,0.0,0.0,0.0,0.0,0.0,1.0547521,0.0,0.0,0.0,0.0,1.0547521,0.2525
2.5283997,0.0,0.0,0.0,0.0,0.0,0.0,0.0,0.0,0.0,1.3567003,1.3567003,0.0695
0.0,0.0,0.0,0.0,0.0,0.0,0.0,0.96671885,0.0,0.0,0.0,2.0171955,0.0695
0.5420354,0.0,0.0,0.0,0.0,0.5420354,0.5420354,0.0,0.0,0.0,0.0,0.0,0.385
0.0,0.0,0.0,0.0,0.0,0.77263534,1.2032518,0.77263534,0.0,0.0,0.0,0.0,0.3375
1.0528704,0.0,0.0,0.0,0.0,0.0,2.2066705,0.0,0.4836323,0.0,0.0,0.0,0.41700000000000004
0.0,0.0,0.0,0.0,0.0,0.0,2.176352,0.0,0.0,0.0,0.0,0.8339299,0.41700000000000004
0.0,0.0,0.0,0.0,1.5853502,0.0,0.0,0.0,0.0,0.0,0.0,0.0,0.20950000000000002
0.0,0.0,0.0,0.0,0.0,0.5972157,1.2387098,0.0,0.0,0.0,0.5972157,0.0,0.385
0.0,0.0,0.0,0.0,0.0,0.0,1.9479004,0.0,0.0,0.0,0.6943087,0.0,0.3555
0.0,0.0,0.0,0.0,0.0,0.0,0.0,0.0,0.0,0.0,0.0,0.0,0.20950000000000002
0.0,0.0,0.0,0.0,0.7101919,0.0,1.1212746,0.0,0.0,0.0,1.820008,0.7101919,0.2525
0.0,0.0,0.0,0.0,0.0,1.9132833,2.2682986,0.0,1.3578045,0.0,1.9132833,1.9132833,0.1655
1.2858056,0.0,0.0,0.0,0.0,0.6272889,0.6272889,1.0098008,0.0,0.0,0.6272889,0.6272889,0.3375
0.69250363,0.0,0.0,0.0,0.0,0.0,0.69250363,0.0,0.0,0.0,0.0,0.0,0.3015
1.6754434,0.89488506,0.0,0.0,0.0,0.0,0.89488506,0.0,0.0,0.0,0.0,0.0,0.3555
0.0,0.0,0.0,0.0,0.0,0.0,1.2007359,0.0,0.0,0.77070093,0.0,1.2007359,0.3375
0.0,0.0,0.0,0.0,0.0,0.0,0.0,0.0,0.0,0.0,0.0,1.4508723,0.1655
0.71634513,0.0,0.0,0.0,0.0,0.0,0.71634513,0.0,0.71634513,0.0,0.0,0.0,0.385
0.6544311,0.0,0.0,0.0,0.0,0.0,1.0466504,0.0,0.0,0.0,0.0,0.6544311,0.3555
1.3809077,0.0,0.0,0.0,0.0,0.0,1.3809077,0.0,0.0,0.0,0.0,0.0,0.385
0.99351144,0.0,0.0,0.0,1.4819232,0.99351144,0.0,0.0,0.0,0.0,0.99351144,0.0,0.0695
0.0,0.0,1.3780417,1.3780417,0.0,0.0,0.0,0.0,0.0,0.0,0.0,0.0,0.20950000000000002
0.0,0.0,0.0,0.0,0.0,0.0,1.8689734,0.0,0.0,0.0,0.0,0.0,0.2525
0.0,0.0,0.0,0.0,0.0,0.0,0.8651093,0.0,0.8651093,0.0,0.0,0.0,0.3015
0.0,0.0,0.0,0.0,0.0,0.0,1.7448851,0.0,0.0,0.0,1.4231474,0.0,0.3015
0.39290306,0.39290306,0.0,0.39290306,0.0,0.0,1.0733284,0.39290306,0.0,0.0,0.39290306,0.39290306,0.3375
0.0,0.0,0.0,0.0,0.0,0.0,1.7497588,0.0,0.0,0.0,0.0,0.0,0.41700000000000004
1.1978157,0.0,0.0,0.0,0.0,0.0,0.76845694,0.0,0.0,0.0,0.0,0.0,0.385
0.0,0.0,0.70965034,0.0,0.0,0.70965034,1.410948,0.0,0.0,0.0,0.0,1.1205565,0.41700000000000004
0.0,0.0,0.0,0.0,0.0,0.0,0.7223297,0.0,0.0,0.0,0.0,0.0,0.3375
0.0,0.0,0.0,0.0,0.0,0.0,1.6487002,0.0,0.0,1.6487002,0.0,0.0,0.1655
0.0,0.0,1.7402112,0.0,0.0,0.0,0.0,0.0,0.0,0.0,0.0,1.7402112,0.20950000000000002
0.0,0.0,0.0,0.0,0.0,0.0,1.2230847,0.0,0.0,0.0,0.0,0.0,0.3375
0.0,0.0,0.0,0.0,0.0,0.0,0.0,0.0,0.0,0.0,1.1774077,0.0,0.3015
0.8616363,0.0,0.0,0.0,0.0,0.0,1.9673414,0.0,0.0,0.0,0.8616363,0.0,0.3375
1.714728,0.0,0.0,0.0,0.0,1.714728,0.0,1.714728,0.0,0.0,0.0,0.0,0.3015
0.0,0.0,0.0,0.0,0.0,0.0,0.6306597,0.0,0.0,0.0,0.0,0.0,0.41700000000000004
0.0,0.0,0.0,0.0,0.0,0.0,0.0,0.0,0.0,1.2999705,1.8466227,1.2999705,0.20950000000000002
1.31518,0.0,0.0,0.0,2.47668,0.0,0.0,0.0,0.0,0.0,1.8642108,0.0,0.0695
0.0,0.0,0.0,0.0,0.0,0.0,0.0,0.0,0.0,0.0,0.0,0.0,0.20950000000000002
0.0,0.0,1.150861,0.0,0.0,0.0,0.0,0.0,1.150861,0.0,1.150861,0.0,0.20950000000000002
0.58191556,0.0,0.0,0.0,0.58191556,0.0,0.94737303,0.0,0.0,0.0,0.0,0.0,0.3555
0.7771888,0.0,0.0,0.0,0.7771888,0.0,0.0,0.0,0.0,0.0,0.7771888,0.0,0.20950000000000002
0.0,0.0,0.0,0.0,0.0,0.0,1.6391524,0.0,0.52579325,0.0,0.0,0.0,0.385
0.86347127,0.0,0.0,0.0,0.0,0.0,1.6320082,0.0,0.86347127,0.0,0.0,0.0,0.3555
0.0,0.0,0.0,0.0,0.0,0.0,0.7713446,0.0,0.0,0.0,0.0,0.0,0.3695
1.3622425,0.0,0.0,0.0,0.0,1.3622425,0.0,0.0,0.0,0.0,1.3622425,0.0,0.1655
0.5190317,0.0,0.0,0.0,0.0,0.0,1.6257833,0.5190317,0.0,0.0,0.0,0.8590003,0.3695
1.0344476,0.0,0.0,0.0,0.0,0.0,0.0,0.0,0.0,0.0,1.0344476,1.0344476,0.1655
0.0,0.0,0.0,0.0,0.56910944,0.0,1.4028496,0.0,0.56910944,0.0,0.9295567,0.0,0.41700000000000004
1.2622294,0.0,0.0,0.0,0.0,0.0,0.0,0.0,0.0,0.0,0.0,1.2622294,0.20950000000000002
1.2233754,0.0,0.0,0.0,0.0,0.0,0.0,0.0,0.0,0.0,0.0,1.2233754,0.1655
0.0,0.0,0.0,0.0,0.0,0.0,0.0,0.0,0.0,0.0,1.5032762,0.0,0.20950000000000002
0.9724788,0.0,0.0,0.0,0.0,0.0,0.9724788,0.0,0.0,0.0,0.9724788,0.0,0.2525
0.0,0.0,0.0,0.0,0.0,0.0,0.7970148,0.0,0.0,0.0,1.2348359,0.0,0.2525
1.7368917,0.0,0.0,0.0,0.0,0.0,0.0,0.0,0.0,0.0,0.0,0.0,0.3695
0.0,0.0,0.0,0.0,0.0,0.0,0.93509215,0.0,0.0,0.0,0.93509215,0.41595393,0.41700000000000004
0.76845694,0.0,0.0,0.0,0.0,0.0,1.9142988,0.0,0.0,0.0,0.0,0.0,0.41700000000000004
0.0,0.0,0.0,0.0,0.0,0.0,0.99906385,0.0,0.0,0.0,0.0,0.0,0.3695
0.0,0.0,0.0,0.0,0.0,0.0,1.7037474,0.0,0.0,0.0,0.0,0.0,0.385
0.81035805,0.0,0.0,0.0,0.81035805,1.2520273,0.0,0.0,0.0,0.0,0.81035805,0.81035805,0.1655
2.2916434,0.0,1.170249,0.0,0.0,0.0,0.0,1.170249,0.0,0.0,0.0,0.0,0.0695
0.8215976,0.0,0.0,0.0,0.0,0.0,1.8077182,0.0,0.0,0.0,0.8215976,0.0,0.3015
0.0,0.0,0.637515,0.0,0.0,0.0,0.0,0.0,0.0,0.0,0.0,1.3016407,0.20950000000000002
0.0,0.0,0.0,0.0,0.0,0.0,1.0098008,1.0098008,0.0,0.0,1.0098008,0.0,0.2525
0.0,0.6821239,0.6821239,0.6821239,0.0,0.0,0.0,0.0,0.0,0.0,0.6821239,0.6821239,0.20950000000000002
0.0,0.0,0.0,0.0,0.0,0.0,0.0,0.0,0.0,0.0,0.0,0.0,0.3695
1.137707,0.0,0.0,0.0,0.0,0.0,1.137707,0.0,0.0,0.0,0.0,0.0,0.3695
0.0,0.0,0.0,0.0,0.0,0.0,0.83279264,0.0,0.0,0.0,0.0,0.0,0.3375
0.0,0.0,0.0,0.0,0.0,0.0,0.0,0.0,0.0,0.0,1.4853188,0.0,0.1655
0.0,0.89093494,0.0,0.0,0.0,0.0,0.89093494,0.0,0.0,0.0,0.0,0.0,0.3555
0.0,0.0,0.0,1.8238149,0.0,0.0,0.0,0.0,0.0,0.0,1.2803015,0.0,0.0695
0.0,0.0,0.0,0.0,0.0,0.0,0.0,0.0,0.0,0.0,0.6037252,0.6037252,0.20950000000000002
0.0,0.0,0.0,0.0,0.0,0.0,1.4151901,0.0,0.0,0.0,1.4151901,0.0,0.2525
0.0,0.0,0.0,0.0,0.0,0.0,0.0,0.0,0.0,0.0,1.4170172,0.0,0.20950000000000002
0.0,0.0,0.0,0.0,0.0,1.6382911,0.0,0.0,0.0,0.0,0.0,0.0,0.20950000000000002
0.78412557,0.0,0.0,0.0,0.0,0.0,1.5198352,1.7512782,0.0,0.0,0.0,0.0,0.385
0.0,0.0,0.0,0.0,1.2483634,0.0,0.0,0.0,0.0,0.0,1.2483634,0.0,0.20950000000000002
0.0,0.0,0.0,0.0,0.0,0.0,0.0,0.0,0.0,0.0,0.0,0.6585746,0.1655
0.5923346,0.0,0.0,0.0,0.0,0.0,1.8957342,0.0,0.0,0.0,0.0,0.0,0.385
0.0,0.0,0.0,0.0,0.0,0.0,0.0,0.0,0.0,0.0,0.0,0.0,0.1655
0.0,0.0,0.0,0.0,0.0,0.0,0.0,0.0,0.0,0.0,1.321378,0.0,0.20950000000000002
1.2031118,0.0,0.57482606,0.0,0.0,0.0,2.1711333,0.0,0.0,0.0,0.0,0.9375209,0.385
0.0,0.0,0.0,0.0,0.0,0.0,0.98966426,0.0,0.0,0.0,0.0,0.0,0.1655
0.0,0.0,0.0,0.0,0.0,0.0,0.9675,0.0,0.0,0.0,0.0,0.0,0.41700000000000004
0.0,0.0,0.0,0.0,0.0,0.0,1.413975,0.0,0.0,0.0,0.575527,0.0,0.41700000000000004
0.795981,0.0,0.0,0.0,0.0,0.0,0.0,0.0,0.0,0.0,0.0,0.0,0.3695
0.73200953,0.0,0.0,0.0,0.0,0.0,1.4440359,0.73200953,0.0,0.0,0.0,0.0,0.3015
0.0,0.0,0.0,0.0,0.0,0.0,0.0,0.0,0.0,0.0,0.0,0.0,0.3015
0.0,0.0,0.0,0.0,0.0,0.0,0.0,0.0,0.0,0.0,0.0,1.321378,0.1655
0.6029518,0.0,0.0,0.0,0.6029518,0.6029518,1.247755,0.0,0.6029518,0.0,0.6029518,0.0,0.3375
0.0,0.0,0.0,0.0,0.0,0.0,0.0,0.0,0.0,0.0,0.0,1.3479396,0.1655
1.0789098,0.0,0.0,0.0,0.0,0.0,1.0789098,0.6784068,0.0,0.0,0.0,0.0,0.3555
0.0,0.0,0.0,0.0,0.0,0.0,1.0707237,0.0,0.0,0.0,0.0,0.0,0.385
0.0,0.0,0.0,0.0,1.21558,1.7482426,0.0,0.0,0.0,0.0,0.0,0.0,0.0695
0.66442055,0.0,0.0,0.0,0.0,0.0,1.5630707,0.0,0.66442055,0.0,0.0,0.0,0.385
0.0,0.62024784,0.62024784,0.0,0.0,0.0,0.0,1.2748505,0.0,0.0,0.0,0.62024784,0.41700000000000004
0.0,0.0,0.0,0.0,0.0,0.0,2.075394,0.0,0.0,0.0,0.0,0.0,0.2525
0.0,0.0,1.2721447,0.0,0.0,0.0,1.2721447,0.0,0.0,0.0,0.0,0.0,0.41700000000000004
0.0,0.0,0.0,0.0,0.0,0.0,0.8186657,0.0,0.0,0.0,0.0,0.0,0.41700000000000004
0.56451833,0.0,0.0,0.0,0.0,0.0,0.0,0.0,0.0,0.0,0.0,0.0,0.3695
0.0,0.0,0.0,0.0,0.0,0.0,1.7357336,0.0,1.2049357,0.0,0.7739306,0.0,0.3015
0.0,0.0,0.0,0.0,0.0,0.0,0.0,0.0,0.0,0.0,0.0,0.0,0.3555
0.0,0.66253823,0.0,0.0,0.0,0.0,1.8928494,0.0,0.0,0.0,0.0,0.0,0.385
0.0,0.0,0.0,0.0,0.0,0.0,0.0,0.0,0.0,0.0,1.6994976,0.0,0.0695
0.0,0.86593086,0.0,0.0,0.0,0.0,0.86593086,0.0,1.322938,0.0,0.86593086,0.86593086,0.20950000000000002
0.0,0.0,0.0,0.0,0.0,0.0,1.602262,0.0,0.0,0.0,0.0,0.0,0.2525
0.8614329,0.0,0.0,0.0,0.0,0.0,1.3172386,0.0,0.0,0.0,0.0,0.8614329,0.3015
1.3019753,0.0,0.0,0.0,1.3019753,0.0,1.3019753,0.0,0.0,0.0,0.0,0.0,0.20950000000000002
0.0,0.0,1.26882,0.0,0.0,0.0,0.82344127,0.0,0.0,0.0,0.82344127,0.82344127,0.20950000000000002
0.0,0.0,0.0,0.0,0.0,0.0,2.529768,0.0,0.0,0.0,1.5790195,0.0,0.20950000000000002
0.0,0.0,0.66113365,0.0,0.0,0.66113365,1.0556957,0.0,0.0,0.0,0.0,0.0,0.3015
0.0,0.0,0.0,0.0,0.0,0.0,0.7794867,0.0,0.0,0.0,0.0,0.0,0.2525
0.5098313,0.0,0.0,0.0,0.0,0.0,1.464424,0.0,0.0,0.0,0.0,0.0,0.3695
1.0326438,0.0,0.0,0.0,0.0,0.0,1.8602655,0.0,0.0,0.0,0.0,0.0,0.3695
0.53681237,0.0,0.0,0.0,0.53681237,0.0,0.53681237,0.0,0.0,0.0,0.53681237,0.0,0.20950000000000002
0.0,0.0,0.0,0.0,0.0,0.0,1.4798946,0.0,0.0,0.0,0.0,0.0,0.20950000000000002
0.0,0.0,0.8529821,0.0,0.0,0.0,0.0,0.0,0.0,0.0,0.8529821,0.0,0.3015
0.0,0.0,0.0,0.0,0.0,0.0,1.2900509,0.0,0.0,0.0,0.0,0.0,0.385
0.6377316,0.0,0.0,0.0,0.0,0.0,1.3019753,0.6377316,0.6377316,0.6377316,0.0,0.0,0.3695
0.0,0.0,0.0,0.0,0.0,0.0,0.0,0.0,0.0,0.0,1.195325,0.0,0.3015
0.0,0.0,0.0,0.0,0.0,0.0,0.0,0.0,1.3484833,0.0,0.88615716,0.0,0.2525
0.0,0.0,0.0,0.0,0.0,0.0,0.0,0.0,0.0,0.0,0.0,0.0,0.0695
0.0,0.0,0.0,0.0,0.0,0.0,0.0,0.0,0.0,0.0,1.4021548,1.1127228,0.3375
1.0919574,0.0,0.0,0.0,0.0,0.0,1.0919574,0.0,0.0,0.0,1.0919574,1.6014469,0.2525
0.7531244,0.0,0.0,0.0,0.7531244,0.0,1.1778084,0.7531244,0.0,0.0,0.0,0.0,0.3015
0.93898475,0.0,0.93898475,0.0,0.0,0.0,0.0,0.0,0.0,0.0,0.93898475,0.0,0.3015
0.0,0.0,0.0,0.0,0.0,0.0,0.866754,0.0,0.0,0.0,0.0,0.0,0.41700000000000004
0.0,0.0,0.0,0.0,0.0,0.0,1.21558,0.0,0.0,0.0,0.7821304,0.0,0.3015
0.0,0.0,0.0,0.0,0.0,0.0,1.0572726,0.0,0.0,1.0572726,0.0,0.0,0.385
0.0,0.0,0.0,0.0,0.0,0.0,0.0,0.0,0.0,0.0,0.0,0.0,0.20950000000000002
0.0,0.0,0.0,0.0,0.0,1.2759686,0.0,0.0,0.0,0.0,0.0,0.0,0.3015
0.0,0.0,0.0,0.0,0.0,0.0,0.0,0.0,0.0,0.0,0.0,0.0,0.1655
0.90334797,0.0,0.5503881,0.0,0.0,0.0,0.5503881,0.0,0.0,0.0,0.0,0.0,0.3695
0.0,0.0,0.0,0.0,0.0,1.2078949,0.0,1.2078949,0.0,0.0,2.340433,0.0,0.20950000000000002
0.0,1.2664573,0.0,0.0,0.0,0.0,0.0,0.0,0.0,0.0,0.0,0.0,0.2525
0.0,0.7186987,0.0,0.0,0.0,0.0,0.0,0.0,0.0,0.0,0.0,0.0,0.3375
0.0,0.0,0.0,0.0,0.0,0.0,0.0,0.0,0.0,0.0,0.0,1.0733284,0.1655
0.41713324,0.0,0.41713324,0.0,0.0,0.0,1.7331486,0.0,0.0,0.41713324,0.0,0.0,0.3695
0.0,0.0,0.0,0.0,0.0,0.0,1.5829691,0.0,0.0,0.0,0.0,0.0,0.385
0.0,0.0,0.5459428,0.0,0.0,0.0,1.3622425,0.0,0.0,0.0,0.8970957,0.5459428,0.3555
0.0,0.0,0.0,0.0,0.0,0.0,1.655141,0.0,0.0,0.0,0.0,0.0,0.41700000000000004
0.0,0.0,0.0,0.0,0.0,1.4031476,0.0,0.0,0.0,0.0,0.0,0.9297959,0.1655
0.0,0.0,0.0,0.0,0.0,0.0,1.109904,0.0,1.109904,0.0,1.109904,0.0,0.2525
0.0,0.0,0.43577328,0.0,0.0,0.43577328,1.4532399,0.0,0.0,0.0,0.0,0.0,0.41700000000000004
